72197,"Mohabes, Joanna",Suspect
6884,"Tripathi, Kenneth",Suspect
71205,"Stuckey, Paul",Genuine
98640,"Auyeung, Elizabeth",Genuine
85514,"Douglas, Ashleigh",Genuine
94588,"Bauer, Katie",Suspect
4986,"Loo, Anita",Genuine
31291,"Chandramouli, Kelsey",Suspect
10772,"Smith, Jaeson",Suspect
65287,"Athwal, Andrew",Genuine
80669,"Gamage, Priscilla",Genuine
52962,"Huang, Christopher",Genuine
12897,"Zarcula, Harutyun",Suspect
97487,"Sohn, Ha-Mi",Genuine
79302,"Kang, Matthew",Genuine
80103,"Nguyen, Alice",Genuine
45489,"Nguyen, You-One",Genuine
44224,"Vue, Amy",Suspect
51079,"Stribling-Harrell, Lari",Genuine
97743,"Sisomsune, Imagine",Suspect
85849,"Sloan, Kayleigh",Genuine
26233,"Hritsick, Tammy",Suspect
83711,"Fyola, Jared Christian",Suspect
16661,"Sun, Anhminh",Genuine
34731,"Le, Valeria",Suspect
61674,"Sayavong, Selman",Genuine
3314,"Kim, Lindsay",Suspect
42174,"Cheung, Vy",Genuine
48303,"Chak, Cristal",Suspect
66255,"Eang, Julia",Suspect
82725,"Favors, Albert",Genuine
48557,"Yun, Hayley",Suspect
82334,"Barman, Soua",Genuine
44350,"Ith, Conor",Genuine
35445,"Scott, Huong",Suspect
73922,"Cheng, Randy",Genuine
30330,"Erdenebileg, Anicca",Suspect
41130,"Englick, Rojesh",Genuine
28094,"Chham, Alyssa",Suspect
12088,"Magat, Samantha",Genuine
92639,"Wolfert, Sarah",Suspect
15159,"Osman, Young Saeng",Suspect
96000,"Liao, Morgynne",Suspect
41667,"Dawe, Binh",Suspect
78602,"Dryden, Michael",Suspect
63083,"Dizon, Christina",Genuine
58126,"Auyeung, Sheunhai",Suspect
49781,"Johnson, Maya",Genuine
65160,"Roda, Wenda",Suspect
8909,"Nguyen, Tam Minh",Genuine
20131,"Eng, Asima",Suspect
93788,"Cave, Dominique",Suspect
55395,"Lei, Natalie",Genuine
88684,"Saiz, Monica",Genuine
65454,"Su, Noah",Suspect
91049,"Song, Van",Suspect
30262,"Baek, Wahtihdah",Genuine
22532,"Patch, Sahej",Suspect
82743,"Robinson, Yoona",Genuine
68498,"Macy, Quynh",Suspect
37398,"Rith, Lily Clare",Genuine
22924,"Boiko, Kelly",Genuine
64085,"Nguyen Mien, Amber",Genuine
42371,"Sua, Jenny",Genuine
43756,"Liu, Maia",Genuine
26740,"Wang, Shiyan",Suspect
32888,"Gabel, Quentin",Genuine
7144,"Lujan, Lara",Genuine
90682,"Castelino, Amy",Genuine
81680,"Patel, Alexander",Genuine
4425,"Than, Inna",Suspect
59200,"Leong, Melana",Genuine
65393,"Josiah, Trisha",Suspect
98063,"Nguyen, Luke",Suspect
64980,"Niemeier, Yao",Suspect
74444,"Qadri, Christina",Genuine
4473,"Fong, Stephanie",Suspect
32025,"Tanaka, Dikchhya",Suspect
53649,"Lee, Cydney",Suspect
66932,"Naranchuluun, Minkyung",Suspect
63177,"Yang, Lailanie",Genuine
14315,"Pham, Diep",Genuine
59534,"Knox, Jeni",Genuine
76309,"Sung, Pauline Cathrina",Genuine
13132,"Murrish, Jenai",Suspect
99744,"Kwon, Samantha",Suspect
96921,"Rogers, Nicole",Genuine
48480,"Vue, Joseph",Suspect
5066,"Sodbinow, Johnson",Genuine
63082,"Nguyen, Julia",Genuine
83797,"Hong, Khanh",Genuine
96920,"Masterson, Jared",Suspect
35224,"Josiah, Maile",Suspect
65971,"Brock, Marinah",Suspect
12417,"Akiyama, Hannah",Suspect
70307,"Patel, Katrina",Genuine
69442,"Saptarshi, Aia",Suspect
95972,"Chang, Timothy",Suspect
67185,"Nguyen, Jacob",Suspect
24954,"Campbell, Jasmine",Genuine
25083,"Pae, Gi Joo",Suspect
23836,"Le, Aris",Suspect
66071,"Chong, Austin",Genuine
76805,"Kairamkonda, Yutaro",Suspect
88710,"Lang, Shashwat",Genuine
91595,"Niko, Janet",Genuine
6250,"Tamada, Nhu",Suspect
67817,"Chan, Arriane Julia",Genuine
14385,"Meltesen-Lee, Bobbi",Suspect
96588,"Lao, Kailynn",Genuine
25728,"Denhartog, Brianna",Suspect
70838,"Kim, Kazoua",Genuine
2280,"Lakkaraju, Tina",Genuine
81838,"Meno, Sydnie",Suspect
20184,"Safi, Kathleen",Suspect
40496,"Pham, Linh Thi",Suspect
83442,"Bateman, Kevin",Suspect
94169,"Strader, David",Suspect
47359,"Xiong, Rookush",Suspect
75566,"Mangisel, Julianna",Genuine
78316,"Lim, Kathryn",Suspect
50846,"Rathbun, Tyler",Suspect
39925,"Peterman, Asli",Genuine
69673,"Yeung, Brandon",Suspect
99296,"Tanghal, Anupama",Genuine
21010,"Dhindsa, Jessica",Genuine
85763,"Adams, Ali",Genuine
42820,"Gutierrez, Rosemary",Genuine
46184,"Vang, Mark",Genuine
27854,"Chen, Katherine",Genuine
39368,"Strader, Kathryn",Genuine
12438,"Rhee, Whitni",Genuine
44291,"Sniff, Selina",Suspect
59701,"Yuan, Asher Erwin",Suspect
22523,"Blair, Curran",Genuine
66526,"Reed, Emily",Genuine
13579,"Wong, Kara",Suspect
91594,"Zhang, Stephanie",Genuine
44797,"Ravichandran, Lillian",Genuine
5200,"Dozier, Chengleng",Genuine
64556,"Harris, Annette",Genuine
47539,"Lowe, Alangkrita",Genuine
56118,"Xiong, Galen",Genuine
53858,"Mo, Melissa",Suspect
42117,"Nguyen, Brittany",Genuine
73720,"Luu, David",Suspect
74583,"Myers, Eun",Genuine
49381,"Koh, Rayahna",Suspect
40070,"Kucharek, Se-Hee",Genuine
53149,"Yong, Chrisna",Genuine
14421,"Lee, John",Suspect
35525,"Vang, Maithao",Genuine
30408,"Kamran, Carly",Suspect
756,"Pabalan, Jade",Genuine
90468,"Kumar, Taryn",Genuine
16356,"Jung, Evan",Suspect
89788,"Min, Cindy",Genuine
93783,"Ombadykow, Ellen",Genuine
92508,"Casalini, Amanda",Genuine
98234,"Thanh, Kianna",Genuine
47198,"Ertelt, Hannah",Genuine
9467,"Huynh, Vincente",Genuine
7367,"Rohilla, Mai",Genuine
10648,"Duong, Rayna",Genuine
46590,"Thomas, Esther",Suspect
65126,"Kim, Porvangchee",Genuine
46824,"Garcia, Sovanara",Suspect
76468,"Talley, Emily",Genuine
44844,"Kendall, Kevin",Suspect
91284,"Godwin, Linda",Suspect
17091,"Lynn, Ryan",Genuine
36012,"Huynh, Suphaporn",Genuine
65587,"Norman, Anjumunara",Suspect
25249,"Qasemi, Brandon",Genuine
97864,"Lee, Christina",Genuine
73567,"Pradhan, Zolaykha",Genuine
65838,"Lee, Kajtshiab",Genuine
79972,"Crozier, Elise",Genuine
26687,"Narantuya, Kenna",Suspect
55720,"Ling Chen, Rebecca",Suspect
57555,"Huynh, May",Suspect
81545,"Baek, Sunny",Suspect
91467,"Roche, Charlie",Genuine
18461,"Simmons, Annie",Genuine
62848,"Francin, Megan",Suspect
20015,"Ho, Shabnam",Genuine
44964,"Mckinney, Anna",Suspect
90287,"Kim, Christine",Genuine
27549,"Tran, Choua",Suspect
23392,"Parker, Sylvia",Genuine
99115,"Dong, Gabriel",Suspect
46947,"Shih, Chanel",Suspect
38775,"Kang, Maysea",Genuine
46369,"Zhang, Frank",Genuine
34801,"Meissner, Thao",Genuine
3402,"Seo, Semalie",Genuine
80872,"Tran, Nhi",Genuine
92597,"Sourn, Emi",Genuine
37819,"Xiong, Tanaree",Suspect
59330,"Vang, Julia",Suspect
51773,"Mangisel, Julian",Suspect
57679,"Kim, Lidia",Suspect
96170,"Liao, Rachel",Genuine
29781,"Kim, Simran",Genuine
40981,"Moua, Julia",Suspect
31841,"Sengdara, Brandon",Genuine
16425,"Chang, Lyly",Genuine
24745,"Thao, Jelani",Genuine
37996,"Nguyen, Sara",Suspect
18557,"Thao, Bailey",Suspect
66813,"Kalam, Brandon",Genuine
67739,"Vu, Jessica",Genuine
73119,"Li, Arshia",Suspect
45846,"Tran, Shannon",Genuine
22410,"Pham, Deisey",Genuine
66890,"Oldenburg, Meagan",Genuine
8847,"Mailhiot, Melina",Genuine
46895,"Lund, Maya",Genuine
93856,"Kingman, Tatiana",Genuine
24599,"Mao, Guang",Suspect
97627,"Kraft, Xavia",Suspect
47386,"Gautam, Malika",Genuine
18821,"Chay, Jinjian",Suspect
16782,"Lacsina, May",Suspect
4125,"Ma, Kaitlin",Genuine
25699,"Nhin, Lewis",Genuine
50404,"Yang, Tina",Genuine
60878,"Lor, Angela",Suspect
87258,"Gonzales, Natalie",Genuine
39441,"Chen, Brianna",Suspect
28581,"Ghrayyeb, Eun Sol",Suspect
93697,"Chang, Alicia",Genuine
6290,"Minobe, Humza",Genuine
36219,"Kiyotake, Chaochih",Genuine
51228,"Ello, Maradi",Genuine
92453,"Ling Chen, Sage",Suspect
46606,"Lee, Schuyler",Genuine
14609,"Vanderpool, Thomas",Genuine
20881,"Ralpho, Jodi",Suspect
76628,"Nguyen, Angelina",Suspect
1005,"Leach, Lena",Genuine
5920,"Schermer, Meng",Suspect
63237,"Do, Bunnee",Suspect
89712,"Cheang, Reynu",Suspect
89278,"Reddy, Cassandra",Suspect
36346,"Mullison, Dominic",Suspect
18681,"Kucharek, Katrina",Suspect
96962,"Douglas, Yeeleng",Genuine
16569,"Simon, Chalee",Genuine
43978,"Trojahn, Jennifer",Genuine
4368,"Lam, Spencer",Suspect
85538,"Bell, Lidia",Suspect
41152,"Swartout, Ivy",Genuine
54535,"Trinh, Leean",Suspect
34383,"Thao, Crystal",Suspect
46562,"Kim, Leanna",Suspect
21841,"Vue, Carolyn",Genuine
13493,"Nguyen, Shelby",Genuine
41780,"Cano, Lynn",Genuine
61233,"Tran, Zacharias",Genuine
62816,"Tosi, Christina",Suspect
75537,"Sakaki, Juliet",Suspect
17214,"Bishara, Rhonda",Suspect
76306,"Lin, Jessica",Genuine
74042,"Nguyen, Deanna",Suspect
3944,"Lor, Hien",Genuine
67614,"Han, Tin Wan",Suspect
81021,"Chang, Grace",Suspect
33500,"Nagendra, Ryan",Genuine
83376,"Kane, Andi",Suspect
886,"Yoshida, Zechariah",Suspect
78334,"Sin, Madeline",Genuine
41134,"Fang, Brandon",Genuine
82938,"Cantu, Christina",Suspect
64695,"Crummett, Liny",Suspect
84735,"No, Donna",Suspect
37296,"Singh, Kiet",Genuine
80127,"Vue, Kimberly",Genuine
78672,"Sands, David",Suspect
66924,"Guerette, Kalara",Genuine
37607,"Yang, Cassandra",Genuine
24624,"Ouk, Tina",Genuine
97064,"Singal, Salma",Genuine
41251,"Buasri, Marjan",Genuine
82329,"Chotinun, Lois",Genuine
95006,"Hai, Christine",Genuine
21670,"Lor, Neeme",Genuine
73240,"Douglas, Dominique",Suspect
12756,"Nguyen, Mong",Genuine
1204,"Drozdowski, Liang",Genuine
53770,"Nan, Bu",Suspect
22148,"Sar, Kapiolani",Suspect
53830,"Dronavalli, Stephanie",Genuine
48715,"Shino, Sushmita",Suspect
44239,"Hendricks, Jerry",Suspect
21341,"Campbell, Ryan",Genuine
22223,"Culbertson, Amy",Suspect
53645,"Chao, Lance",Genuine
84381,"Erdenebat, Jordan",Genuine
96852,"Narangerel, Yu Ting",Suspect
32788,"Aldawoodi, Brian",Suspect
98679,"Miller, Michelle",Genuine
45897,"Ngiateng, Bao Linh Tasha",Genuine
33594,"Kimoto, Stephanie",Genuine
82652,"Kim, Nishika",Suspect
87401,"Brooks, Ryan",Suspect
30334,"Xiong, Sarah",Genuine
63303,"Nagamoto, Bethany",Genuine
41574,"Tran, Kea",Suspect
97862,"Khuu, Anita",Suspect
25790,"Vang, Tian",Genuine
56527,"Carnes, Lorrena",Genuine
28295,"Archuleta, Stephanie",Genuine
40057,"Pham, Blake",Genuine
46635,"Lew, Khoa",Genuine
21030,"Shafer, Mariah",Suspect
91588,"Wakasugi, Jenny",Suspect
67853,"Sprangers, Anh",Genuine
15743,"Lee, Julie",Genuine
67838,"Huang, Anthony",Genuine
6224,"Kaur, Brandon",Suspect
75577,"Poon, Melborne",Suspect
46140,"Hoang, Megan",Suspect
51226,"Nguyen, Charley",Genuine
94794,"Lackie, Vivian",Suspect
13000,"Vongrith, Kaelin",Genuine
47654,"Lua, John",Suspect
37835,"Arkadie, Anthony",Genuine
95781,"Tran, Xiaoran",Genuine
92151,"Osincup, Vivian",Suspect
24283,"Eydi Shahroodi, Isaac",Suspect
90396,"Saeid, Dana",Genuine
87821,"Simpson, Sabine",Suspect
58773,"Tran, Thao",Suspect
61250,"Yang, Esther",Genuine
17849,"Thong, Suyin",Genuine
78827,"Cayabyab, Tuyen Aalexis",Suspect
57405,"Lumba, Tammy",Genuine
48755,"Chandramouli, Savian",Genuine
25358,"Viswaroopan, Katherina",Genuine
19524,"Silevani, Christiana",Suspect
37401,"Liu, Vicky",Genuine
9064,"Ariki, Anthony",Suspect
74535,"Murthy, Leslie",Suspect
44630,"Stogdill, Maradi",Genuine
21405,"Huynh, Ariadne",Suspect
77953,"Basu, Hui",Genuine
49936,"Surghani, Cindy",Genuine
98276,"Kelley, Christi",Genuine
49033,"Ban, Jay",Suspect
48056,"Gross, Tiffany",Suspect
57573,"Kobayashi, Bryant",Suspect
46774,"Gehring, Tian",Genuine
49198,"Lee, Ann",Genuine
39548,"Taase, Jung",Suspect
39544,"Ezzat, Yoo Jung",Suspect
38996,"Alvarez, Elly",Suspect
810,"Banerjee, Gwendolyn",Genuine
28172,"Ngo, Brandi",Suspect
60521,"Kascak, Hithaishini",Genuine
2098,"Modisette, Toby",Suspect
98019,"Shrestha, Hannah",Suspect
94816,"Li, Hanh",Genuine
90008,"Xiong, Eric",Genuine
35396,"Li, Rachael",Genuine
81196,"Nguyen, Ferougg",Suspect
44875,"Crupi, Christine",Suspect
65157,"Lim, Callie",Suspect
89153,"Eastin, Maria",Genuine
99123,"Alexander, Raymond",Suspect
83384,"Tse, Isaac",Genuine
80088,"Perez, Shominic",Genuine
27975,"Qasemi, Te",Genuine
2204,"Malchow, Hannan",Genuine
63238,"Myers, Tracy",Genuine
18582,"Samora, Selena",Genuine
20674,"Hart, Shreya",Genuine
2686,"Singh, Etta",Suspect
76312,"San, Cassondra",Genuine
71264,"Chun, Devin",Suspect
97179,"Gopal, Ashley",Suspect
68065,"Ban, Quynh",Genuine
17825,"Lee, Nhi",Suspect
29367,"Yeon, Ryan",Suspect
33265,"Lee, Robert",Suspect
49514,"Park, Isabella",Genuine
14040,"Yen, Jessica",Genuine
59739,"No, Donna",Genuine
55952,"Mayemura, Autumn",Suspect
11156,"Bliss, Shawn",Suspect
12674,"Musa, Mattjoo",Genuine
8880,"Shin, Eileen",Suspect
51624,"Phan, Kiet",Genuine
33071,"Aquino, Nhuquynh",Suspect
17361,"Koanui, Jessica",Genuine
19274,"Kim, Tram",Suspect
35708,"Inthavong, Katherine",Genuine
99832,"Nauth, Ka'Imi",Suspect
45845,"Huang, Lexandra",Genuine
76523,"Im, Kendahl",Genuine
23767,"Nguyen, Cindy",Suspect
76520,"Rummings, Karen",Genuine
45292,"Cooksey, Mai",Genuine
52157,"Ariki, Jacob",Genuine
23298,"Davila, Andrew",Genuine
4901,"Kanherkar, Briana",Suspect
88570,"Truong, Jacob",Genuine
27252,"Ono, Katherine",Genuine
7035,"Newell, Tin",Suspect
70889,"Watt, Danika",Suspect
49417,"Nguyen, April",Suspect
62505,"Dao, Mei",Suspect
38760,"Lapitan, Joshua",Genuine
56294,"Poonpiset, Aaron",Suspect
60013,"Chau, Cindy",Genuine
48734,"Vo, Ryan",Genuine
98604,"Jeon, Summer",Suspect
64824,"Sourn, Christine",Suspect
1652,"Kiley, Oming",Suspect
97553,"Nguyen, Theresa",Genuine
79285,"Thach, Emily",Suspect
57744,"Ung, Clara",Suspect
12871,"Valle, Megan",Genuine
406,"Pham, Daniel",Genuine
12255,"Watson, Mae",Suspect
38929,"Cox, Kendra",Genuine
23255,"Alkarim, Soua",Genuine
83207,"Woon, Angelina",Genuine
76075,"Ranjitkar, Kianna",Suspect
33022,"Dhakal, Austin",Genuine
52288,"Pham, Yee",Suspect
62045,"Kim, Juhi",Suspect
69081,"Sun, Jasmine",Genuine
73975,"Regur, Tonny",Suspect
8337,"Hoang, Brian",Genuine
63741,"Stearns, Zhaoxian",Genuine
68205,"Balisnomo, Christina",Genuine
32338,"Lee, Kirsten",Genuine
96425,"Truong, Bomy",Genuine
93366,"Stearns, Marissa",Genuine
78102,"Agenar, Tammy",Suspect
79555,"Pak, Joi",Genuine
15125,"Bochmann, Kevin",Genuine
15390,"Jordan, Stephanie",Genuine
74854,"Pruitt, Ceara",Genuine
43200,"Lee, Alexander",Suspect
14581,"Kinney-Mcgrath, Bailey",Genuine
64581,"Hutchinson, Shagun",Suspect
58685,"Wong, Sidra",Suspect
40174,"Ta, Tam Minh",Genuine
59025,"Spetsas, Charlie",Suspect
16653,"Tran, Grace",Genuine
8190,"Huynh, Sarah",Genuine
94411,"Sexton, Tatiana",Suspect
85639,"Enhbold, Paulina",Suspect
78068,"Cha, Anicca",Genuine
17546,"Connor, Tiffany",Genuine
53181,"Miranda, Anthony",Genuine
6464,"Rajopadhye, Alexis",Suspect
46020,"Kelemeni, Fei",Genuine
79627,"Kearns, Zoe",Suspect
51282,"Tran, Elsie",Suspect
8241,"Chow, Adolf",Genuine
41419,"Pappas, Jamie",Genuine
19382,"Kwon, Yeon",Suspect
51545,"Liquete, Alex",Suspect
52139,"Song, Doann",Genuine
62936,"Myung, Diane",Genuine
71276,"Hastings, Tyler",Genuine
79254,"Dessau, Kyli",Suspect
24606,"Love, Ria",Suspect
25730,"Fisher, Theresa",Suspect
98089,"Lau, Monica",Genuine
90107,"Doan, Kimberly",Suspect
62290,"Chen, Charles",Genuine
83497,"Otgonbayar, Edwin",Suspect
82927,"Murad, Grace",Genuine
21180,"Kane, Kara",Genuine
66314,"Ros, Alyssa",Genuine
55375,"Toy, Rion",Genuine
91351,"Lofgren, Hannah",Genuine
63937,"Park, Sara",Genuine
58660,"Li, Olivia",Suspect
92411,"Christian, Corbett",Suspect
92526,"Nguyen, Darian",Genuine
88328,"Liquete, Nishika",Suspect
88861,"Yang, Elyse",Genuine
49737,"Chan, Xavia",Genuine
54999,"Keo, Erinn",Suspect
44392,"Tang, May",Suspect
32488,"Jensen, John",Suspect
95554,"Yang, Sun",Suspect
14384,"Nguyen, Jash Mikyle",Genuine
21764,"Wilson, Donna",Genuine
48622,"Mcguire, Russell",Genuine
30959,"Parmar, Blaise",Suspect
94338,"Alanizi, Nathaniel",Genuine
22983,"Batmanglidj, Anna",Suspect
81730,"Emerson, Aparna",Genuine
77361,"Klutke, Hannah",Genuine
2102,"Aweida, Alexandra",Genuine
49455,"Wu, Shannon Grace",Genuine
7211,"Tangri, Connie",Genuine
66507,"Rogers, Kiri",Suspect
66727,"Loyan, Yesenia",Suspect
57688,"Hiraki, Mariko",Genuine
22918,"Tan, Christina",Suspect
3364,"Dakos, Yiuchi",Genuine
87590,"Gupta, Neil",Suspect
59159,"Chiu, Jade",Suspect
64921,"Tran, Serena",Genuine
19390,"Au, Rohun",Suspect
9057,"Lee, Conner",Suspect
68058,"Narayan, Wenli",Genuine
40481,"Heer, Jiali",Suspect
48178,"Bhat, Alexandria",Genuine
64703,"Danielson, Vidushi",Suspect
54364,"Parent, Oksanna",Genuine
87997,"Carter, Zolaykha",Suspect
25785,"Liu, Nicole",Genuine
13265,"Feller, Kezia",Suspect
76293,"Chun, Julie",Suspect
30276,"Thompson, Christine",Genuine
42937,"Tanicala, Hubert",Genuine
70253,"Clair, Eun",Suspect
32875,"Kaneko, Akane",Suspect
1103,"Lam, Alexis",Genuine
12583,"Olson, Kaylin",Genuine
25526,"Lu, Sarah",Suspect
69906,"Salazar, Jonathan",Suspect
69277,"Kascak, Zesha",Genuine
84445,"Truong, Lia",Suspect
85493,"Wiedmaier, Julia",Genuine
86166,"Tammana, Mikaela",Genuine
77758,"Cleveland, Hannah",Genuine
53545,"Sasaki, Vivian",Genuine
19454,"Manglona, Richard",Genuine
10575,"Sharma, Lily",Suspect
33719,"Tran, Yeon Soo",Suspect
24196,"Huynh, Ann",Suspect
55791,"Chheng, Kassandra",Suspect
8132,"Dronavalli, Heroki",Genuine
14754,"Khalil, Renae",Suspect
69146,"Kim, Lee",Suspect
67837,"April, Lidia",Suspect
43215,"Dutkin, Aaren-Matthew",Genuine
68721,"Kaur, Donna",Suspect
9653,"Huynh, Liana",Genuine
31963,"Tarar, Sara",Genuine
20090,"Erdenebileg, Shahzad",Genuine
87864,"Balisnomo, Mariah",Genuine
89042,"Lim, Kimberly",Suspect
4461,"Nalla, Malia",Suspect
55032,"Cross, Phillip",Genuine
24052,"Rupe, Rose",Genuine
24137,"Nguyen, William",Genuine
97832,"Yuan, Leo",Genuine
64850,"Chen, Nader",Suspect
61630,"Vue, Elsa",Suspect
50818,"Yu, Kathryn",Suspect
99852,"Mcclellan, Jasmine",Genuine
11909,"Woo, Shane",Genuine
7930,"Staynings, Jason",Genuine
17725,"Bach, Rinesty",Genuine
3609,"Phan, Ariann",Suspect
88098,"Khandaker, Ann",Genuine
9102,"Shim, Ashley",Genuine
41714,"Li, Dyon",Suspect
68152,"Siriwalothakul, Judy",Genuine
74558,"Castelino, Johnny",Suspect
49363,"Colunga, Amninder",Suspect
90238,"Lakobong, Brandon",Genuine
48651,"Sakai, Karen",Genuine
50601,"Nguyen, Agnes",Genuine
53836,"Lam, Hannah",Genuine
42063,"Sivisay, Jason",Genuine
85771,"Miller, Lisa",Genuine
22454,"Rediros, Hope",Genuine
68123,"Headlee, John",Suspect
59860,"Fisher, Deborah",Suspect
22961,"Myers, Robyn Jo",Suspect
17334,"Nguyen, Yvonne",Genuine
47106,"Zorigt, Haley",Suspect
19533,"Le, Nongkhan",Genuine
67343,"Ye, Angel",Genuine
31800,"Berve, Danielle",Suspect
48203,"Choi, Anveshi",Genuine
61940,"Nguyen, Hannah",Suspect
96163,"Xiong, Hannah",Suspect
75864,"Huynh, Tsuzuki",Suspect
9219,"Muckom, Veronica",Suspect
99516,"Gonzales, Hannah",Suspect
18725,"Nguyen, Jacob",Genuine
59783,"Nguyen, Joann",Genuine
25037,"Sornmuk, Lisa",Genuine
41930,"Suh, Cassandra",Suspect
62958,"O'Connor, Beau",Genuine
37639,"Sakamoto, May",Genuine
50888,"Nguyen, Kendra",Suspect
4654,"Chu, Katryna",Genuine
75604,"Chan, Ha Eun",Suspect
9831,"Suh, Bobby",Genuine
13053,"Arellano, Mai",Suspect
26070,"Platt, Troy",Suspect
72290,"Brett, Kimphone",Genuine
92968,"May, Juwand",Suspect
59020,"Hasbrouck, Skye",Suspect
48210,"Poghosyan, Juwon",Genuine
98901,"Badhesha, Kevin",Genuine
7559,"Sysavoung, Derek",Genuine
61372,"Sy, Amanda",Genuine
3516,"Lou, Hanlu",Suspect
1360,"Lakhani, Olivia",Suspect
20855,"Vo, Simran",Suspect
11049,"Sun, Manuel",Genuine
79304,"Prark, Hannah",Genuine
31734,"Heath, Drew",Suspect
77165,"Flynn, Christiana",Genuine
17862,"Calo, Yoonji Jennifer",Genuine
74359,"Risma, Hyun",Genuine
62311,"Leung, Pi Sanout",Genuine
60985,"Kang, Woo Bin",Suspect
37141,"Russ, Lianne",Genuine
50123,"Oracion, Ruth",Genuine
56933,"Burton, Sara",Genuine
89844,"Silevani, Stacy",Suspect
6561,"Anderegg, Jeff",Genuine
55955,"Chun, Katherine",Genuine
94344,"Phanekham, Danielle",Suspect
50224,"Bryant, Stephanie",Genuine
42139,"Ngan, Diane",Genuine
43068,"Cao, Nicholas",Genuine
46884,"Le, Hitomi",Genuine
70511,"Tran, Jenny",Suspect
44936,"Vong, Jari",Genuine
24385,"Kim, Thao",Genuine
72117,"Strayer, Kathy",Suspect
95882,"Avila, Brenda",Genuine
9174,"Nadiadi, Joann",Genuine
77861,"Thammavongsa, Maradi",Genuine
66927,"Kim, Marina",Genuine
33092,"Billups, David",Suspect
64851,"Kraiger, Xala",Genuine
32956,"Pahlavan, Cody",Suspect
49206,"Bridwell, Rosemary",Suspect
50585,"Pickering, Ariana",Genuine
31224,"Cochrane, Chandrika",Genuine
31223,"Le, Sarah",Suspect
59403,"Otsuki, Austin",Suspect
63641,"Directo, Brian",Genuine
14657,"Song, Brittany",Suspect
15030,"Shyu, Jennifer",Suspect
37555,"Mcnew, Byung",Suspect
95606,"Simmons, Claire",Suspect
62147,"Hsueh, Sunshine",Suspect
85631,"Pelletier, Vivian",Genuine
3827,"Denicola, Matthew",Suspect
10518,"Lee, Hannah",Suspect
96620,"Yoshimiya, Zoe",Genuine
48076,"Mcwilliams, Socheata",Suspect
31290,"Joshi, Alexis",Suspect
64753,"Her, Ignatius",Genuine
67514,"Lhungay, Thuy",Genuine
21157,"Nguyen, Sarah",Genuine
76108,"Akiyama, Janisa",Genuine
98541,"Banchongchith, Rebecca",Suspect
52210,"Khan, Jiyoon",Genuine
4030,"Mills, Bao-Tran",Genuine
19233,"Vang, Erica",Genuine
10721,"Nguyen, Eva",Suspect
51645,"Yan, Michelle",Suspect
75814,"Sherpa, Aqsa",Suspect
68929,"Prom, Adam",Genuine
47211,"Nguyen, Donald",Genuine
56937,"Le, Jasmine",Suspect
26994,"Batsaihan, Cyrus",Genuine
75892,"Saechao, Rachelle",Suspect
37751,"Nguyen, Der",Genuine
49334,"Rafiq, Que",Suspect
37314,"Zhu, Sydney",Suspect
70496,"Reynoso, Kelly",Genuine
44106,"Akiyama, Katie",Suspect
22198,"Ho, Trevor",Genuine
33311,"Ho, Charlie",Suspect
20858,"Sounakhene, Katryn",Genuine
66605,"Thammavong, Enkhjin",Genuine
4929,"Le, Marinah",Genuine
10845,"Zito, Jamie",Suspect
90117,"Nguyen, Sophie",Suspect
10440,"Vu, Tuong-Vi",Suspect
29208,"Sohn, Rebecca",Genuine
37567,"Xie, Seth",Genuine
13516,"Chan, Victoria",Suspect
62465,"Nguyen, Jessie",Genuine
25469,"Lee, Jenny",Genuine
66776,"Aldawoodi, Miguel",Suspect
24856,"Mayer, Sofya",Suspect
16364,"Jain, Mindee",Genuine
94911,"Mazotti, Alyssa",Suspect
76357,"Kue, Kelly",Genuine
58811,"Aya, Thu",Genuine
67509,"Truong, Jasmine",Suspect
62262,"Nguyen, Tori",Genuine
90465,"Ho, Haley",Suspect
57981,"Jung, Cierra",Genuine
14195,"Adhikari, Erik",Suspect
77619,"Santos, Waheed",Genuine
40394,"Yang, Christine",Suspect
78768,"Patel, Abigail",Suspect
86191,"Dang, Steve",Suspect
89435,"Huynh, Jared Christian",Genuine
20980,"Ashtakala, Ann",Suspect
95970,"Hoffmann, Meghan",Genuine
70437,"Foster, Sophia",Genuine
80179,"Austria, Birva",Suspect
73114,"Dorji, Alia",Suspect
51796,"Shah, Andrew",Suspect
35717,"Kaur, Kelsey",Suspect
4803,"Parekh, Julia",Genuine
61498,"Solongo, Alyssia",Genuine
15663,"Aslami, Rachael",Suspect
66160,"Domingo, Harshwinder",Genuine
78149,"Prom, Lisa",Suspect
23124,"Pak, Pragna",Suspect
85495,"Aslami, Steven",Genuine
43547,"Walters, Joshua",Genuine
44315,"Sena, Jung Hoon",Genuine
6756,"Nguyen, Agnes",Genuine
21854,"Yu, Emily",Suspect
45573,"Xiong, Velma",Genuine
54420,"Thapa, Akhilesh",Suspect
3551,"Chin, Erika",Suspect
36529,"Steinke, Megumi",Suspect
40390,"Huang, Miriah",Suspect
52665,"Watson, Johney",Suspect
13548,"Thach, Kayla",Suspect
93032,"Thanh, Girish",Suspect
97049,"Nguyen, Gina",Suspect
29604,"Banchongchith, Hannah",Suspect
48973,"Soeur, Nicaela",Suspect
39236,"Nguyen, Brandon",Genuine
96381,"Doan, Ali",Suspect
25936,"Pham, Christina",Genuine
47751,"Rogers, Airiana",Genuine
92688,"Ahn, Kayla",Genuine
54343,"Khan, Kai",Genuine
26954,"Doyle, Albert",Genuine
83201,"Curry, Carrington",Suspect
32682,"Singh, Brandon",Genuine
25772,"Ho, Hyungu",Genuine
28175,"Yang, Macie",Genuine
40463,"Duvall Nguyen, Rani",Genuine
52895,"Tang, Ethan",Suspect
57523,"Heilman, Thinh",Suspect
41939,"Lockhart, Alyssa",Genuine
98844,"Wielga, Mimi",Genuine
3161,"Hobbs, Rebecca",Suspect
67178,"Mulvany, Harshwinder",Genuine
96807,"Nguyen, Nayantara",Suspect
75910,"Fukuda, Alyssa",Genuine
71396,"Yang, Heather",Genuine
73655,"Milner, Vanya",Genuine
26112,"Rivera, Mytruc",Suspect
36577,"Groves, Lisa",Suspect
22383,"Wagner-Smith, Rebecca",Genuine
78411,"Pham, Mimi",Genuine
28832,"Ghale, Vi",Suspect
17418,"Truong, Amanda",Suspect
78578,"Palagati, Chasity",Suspect
16736,"Van, Teresa",Suspect
25535,"Piazza, Allison",Suspect
12490,"Aebischer, Christian",Suspect
56823,"Sandhu, Corbett",Genuine
10970,"Cha, Eunice",Suspect
46595,"Diep, Molly",Suspect
92652,"Toves, Kirche",Genuine
75829,"Lim, Logan",Genuine
5265,"Patel, Julietta",Suspect
36251,"Santarosa, Bailey",Suspect
97410,"Yeturi, Savannah",Suspect
2344,"Lee, Thaison",Suspect
36520,"Thao, Chasity",Suspect
20250,"Inai, Arushi",Suspect
88374,"Karsanbhai, Leslie",Suspect
6803,"Vang, Lauren",Suspect
37366,"Khaliq, Maia",Suspect
84667,"Chuong, Tara",Genuine
51245,"Lai Zhou, Annemarie",Genuine
63866,"Shin, Kathleen",Genuine
77553,"Browning, Wei",Genuine
20262,"Nguyen, Lia",Suspect
59242,"Kirchner, Jiehao",Genuine
40293,"Mcwilliams, Alexandria",Suspect
21959,"Naito, Jiang",Genuine
85411,"Tripathi, Jean",Suspect
43013,"Xiong, Langley",Genuine
34294,"Grieb, Melissa Nicole",Genuine
38040,"Cha, Shahrazad",Genuine
25246,"Dumon, Yea Eun",Suspect
77487,"Smith, Bayarjargal",Suspect
83931,"Hardin, Jade",Suspect
96914,"Fernandes, Shanhuan",Suspect
70286,"Gozeh, Kevin",Suspect
51094,"Ly, Ivy",Genuine
82464,"Chung, Daeun",Suspect
31498,"Mccollum, Mackenzie",Suspect
42088,"Oh, Angela",Genuine
85111,"Enos, Mai Ying",Genuine
39230,"Emerson, Lisa",Suspect
96986,"Hutton, George",Genuine
48458,"Mazza, Madison",Suspect
70753,"Vang, Jeremy",Suspect
72244,"Nguyen, Kenji",Genuine
84503,"Russ, Stephen",Suspect
81636,"Sihavong, Tyler",Genuine
22595,"Davis, Rashaan",Genuine
13585,"Sayavong, Sara",Suspect
2435,"Haberland, Tina",Suspect
10658,"Yambao, Angela",Suspect
16994,"Ma, Tina",Genuine
24460,"Serrano, Davis",Suspect
85337,"Brierley, Todd",Genuine
63026,"Le, Katelien",Genuine
61145,"Bhagria, Kelly",Suspect
98409,"Shi, Blongshia",Suspect
70972,"Her, Kai",Suspect
33084,"Lee, Akshay",Genuine
78282,"Jung, Eileen",Genuine
50331,"Sa, Ashley",Genuine
55865,"Palandeng, Emma",Suspect
27255,"Staffieri, Khatlyn",Genuine
99749,"Ta, Yoon Hae",Suspect
72672,"Reynolds, Umar",Suspect
68453,"Jones, Annie",Genuine
85554,"Parker, Cameron",Suspect
97190,"Nobrega, Sheila",Genuine
26029,"Smrekar, Casia",Genuine
89108,"Bernabo, Kristen",Genuine
57579,"Dupuis, Pha",Genuine
89841,"Chuang, Christiana",Suspect
51791,"Her, Andrew",Genuine
64542,"Nguyen, Pauline Cathrina",Suspect
38018,"Ledru, Josephine",Genuine
71065,"Reck, Paige",Suspect
9714,"Kalilikane, Valetty",Suspect
69494,"Hoang, Kownoon",Suspect
78500,"Lung, Tiffany",Genuine
37550,"Chhoeurm, Tiffany",Genuine
75727,"Chang, Paulina",Genuine
98119,"Arkadie, Bryan",Genuine
37761,"Gonzalez Morales, Rebecca",Genuine
12199,"Zander, Sarah",Genuine
20119,"Solongo, Kyle",Suspect
68671,"Loza, Emily",Genuine
63810,"Kearns, Curtis",Genuine
93853,"Sameshima, Robert",Suspect
6513,"Jiang, Eric",Suspect
56694,"Chan, Angelina",Suspect
68490,"Kang, Chia-Hsin",Genuine
49669,"La, Nisha",Suspect
21233,"Wong, Kosuke",Suspect
70758,"Belen, Kristina",Suspect
88376,"Nguyen, Sarah",Suspect
48882,"Min, Jolina",Genuine
50241,"Nguyen, Ashleigh",Suspect
43703,"Tran, Joanne",Suspect
35553,"Io, Kristy",Suspect
85851,"Camagong, Hillary",Suspect
60386,"Stogdill, Niki",Suspect
1721,"Kang, Ryan",Genuine
67839,"Pham, Ji",Suspect
5889,"Nelson, Mitzi",Genuine
55990,"Vang, Emily",Suspect
61824,"Mcghee, May",Genuine
4294,"Khuu, Vivian",Genuine
15683,"Hamm, Joshua",Genuine
64468,"Yanushonis, Cheyenne",Suspect
26113,"Shaffer, Danielle",Suspect
27350,"Almony, Sandy",Genuine
78788,"Khuu, Ashly",Genuine
16712,"Kim, Youjia",Suspect
30588,"Zhou, Mandy",Suspect
11508,"Broomand, Jung",Genuine
60991,"Tran, Nancy",Suspect
22157,"Wei, Riana",Genuine
11814,"Vigo, Deborah",Genuine
79256,"Laoprasert, Tara",Genuine
6431,"Adhikari, Cynthia",Suspect
36385,"Park, Tina",Genuine
21339,"Phu, Sylvia",Genuine
25,"Minobe, Kira",Genuine
82802,"Del Rosario, Jennifer",Suspect
99560,"Balintucas, Mindy",Genuine
81879,"Nguyen, Aiyana",Suspect
78335,"Chaivong, Soomin",Suspect
27276,"Mao, Kimberly",Genuine
79143,"Liu, K'Lei",Suspect
57929,"Luke, Summer",Suspect
44826,"Nagao, Hindav",Genuine
39624,"Pak, Katie",Suspect
84482,"Malik, Hannah",Suspect
5399,"Becker, Chau",Suspect
66993,"Okubo, Ehsaon",Genuine
52273,"Sandhu, Naureen",Suspect
81125,"Lee, Derek",Genuine
8833,"Kim, Kayla",Genuine
97770,"Yazawa, Nikolas",Genuine
39996,"Fisco Jr, De'Von",Genuine
91548,"Cartahena, May",Genuine
62784,"Monroe, Cheyenne",Suspect
41909,"Leung, Beatriz",Suspect
74869,"Agustin, Ashwini",Genuine
48133,"Duffy, Jenni",Genuine
16914,"Lieu, Caitlin",Genuine
7171,"Gowda, Ashlyn",Genuine
33745,"Noda, Allison",Genuine
73754,"Brunson, Kasia",Genuine
27,"Rudy, Isabelle",Suspect
94866,"Newman, Jotsna",Genuine
29060,"Uyeda, Angela",Suspect
79261,"Lor, Gabrielle",Genuine
61490,"Namjilsuren, Candice",Suspect
67666,"Humphries, Savannah",Genuine
36126,"Sowrirajan, Isabella",Genuine
50587,"Xu, Rachanna",Suspect
9249,"Krumland, Julia",Genuine
34430,"Crowell, Maichong",Genuine
64179,"Gee-Taylor, Minaldeep",Genuine
40485,"Chuong, Marjorie",Genuine
98634,"Mahat, Jacinda",Genuine
26696,"Nguyen, Naomi",Suspect
17383,"Nguyen, Katryna",Genuine
73996,"Altman, Clara",Suspect
10359,"Kunimune, Jamie",Genuine
18515,"Nguyen, Amy",Genuine
93138,"Pucheril, Justin",Suspect
73413,"Cambonga, Loryn",Genuine
71337,"Entz, Kimya",Genuine
87504,"Mckinney, Warren",Suspect
9898,"Chhay, Lakshmipriya",Suspect
96311,"Fukui, Kimberly",Genuine
19790,"Lacsina, Jaspreet",Suspect
97523,"Gurung, Colleen",Suspect
41422,"Rem, Barren",Suspect
79993,"Goulet, Loan",Suspect
2031,"Su, Mimi",Genuine
90714,"Hrelja, Thanhha",Genuine
46627,"Wang, William",Suspect
49367,"Le, Charlena",Suspect
71446,"Tripasuri, Isaac",Genuine
13846,"Fifita, Angelica",Genuine
15446,"Chin, Natalie",Genuine
70579,"Nguyen, Kylee",Genuine
15357,"Starbird, Anna",Suspect
3140,"Scheaffer, Nicholas",Genuine
89228,"Mizoue, Peter",Genuine
79118,"Bushman, Benjamin",Genuine
31463,"Gandy, Leandra",Genuine
55985,"Webb, Lisa",Genuine
26099,"Zhen, Amelia",Genuine
46607,"Abenes, Calvin",Genuine
58562,"Muckom, Asia",Genuine
71576,"Nguyen, Chiana",Suspect
98167,"Her, Jasmine",Genuine
94922,"Zheng, Vivian",Genuine
54982,"Roy, Taydra",Genuine
78415,"Caasi, Jarred",Suspect
24773,"Dahl, Caitlee",Suspect
99510,"Browne, Lien",Suspect
38822,"Chuang, Kinsey",Suspect
84588,"Cheung, Erin",Genuine
64028,"Song, Anna",Genuine
51409,"Tieu, Alundra",Suspect
4351,"Chen, Amanda",Suspect
42922,"Cheung, Naomi",Genuine
32701,"Hong, Safiya",Genuine
44557,"Pickering, Brandon",Suspect
33231,"Ah Fat, Emmalee",Suspect
18395,"Pullen, Erdenebadruun",Genuine
83469,"Morrison Pibel, Kiara",Suspect
23894,"Tran, Abhinav",Genuine
93922,"Chapman, Angel",Suspect
62470,"Ko, Caelin",Genuine
92677,"Fifita, Peter",Genuine
31780,"Staffieri, Lyrics",Suspect
48503,"Dam, Calvin",Genuine
17648,"Choi, Tavishi",Suspect
29007,"Pham, Sweta",Genuine
55231,"Nguyen, Jacqueline",Genuine
26529,"Frause, Tammy",Genuine
20454,"Ung, Sara",Genuine
81961,"Haddock, Lili",Suspect
83143,"Saeed, Andy",Suspect
51444,"Lao, Binyu",Genuine
64578,"Afalava, Anthony",Genuine
98554,"Johnson, Cydney",Genuine
39244,"Clair, Yoo",Genuine
37255,"Nguyen, Bao-Tran",Suspect
61690,"Meador, Mariah",Genuine
30828,"Ishizuka, Anna",Genuine
44498,"Sok, Autumn",Genuine
14884,"Vijayasarathy, Carina",Suspect
45554,"Freeman, Mikaela",Suspect
78425,"Lee, Mark",Genuine
22826,"Mondia, Bibha",Suspect
24758,"Maumau, Vince",Suspect
15379,"Sebben, Pratik",Suspect
64774,"Philachanh, Casie",Genuine
97805,"Lam, Sanakee",Genuine
62834,"Amon, Jasmine",Suspect
42382,"Pham, Jesse",Genuine
55412,"Hoffmann, Richard",Suspect
72988,"Rivera, Syra",Suspect
15777,"Gama, Vanna",Suspect
38751,"Ichihara, Jin",Genuine
36822,"Wanberg, Joey",Suspect
92333,"Domingues, Tina",Suspect
56075,"Guinto, Emi",Genuine
49982,"Xiong, Christine",Suspect
33493,"Char, Sherleen",Suspect
47333,"Thao, Xuan",Genuine
42304,"Sheard, Jillian",Suspect
17848,"Bagaporo, Smaly",Genuine
88056,"Wilson, Cara",Suspect
84039,"Yoshida, Shen",Genuine
13592,"Wong, Shruti",Genuine
59044,"Crummett, Elise",Suspect
22017,"Pham, Faline",Suspect
25674,"Abraham, Sophia",Genuine
16663,"Park, Kiana",Genuine
58235,"Keen, Morgan",Genuine
27207,"Doan, Se",Suspect
98543,"Mandel, Michael",Genuine
19478,"Chham, Nicole",Suspect
63012,"Lyons, Tommy",Genuine
9337,"Pham, Amber",Suspect
85824,"Duong, Jacqueline",Suspect
47843,"Han, Tina",Suspect
55117,"Jang, Kristen",Suspect
18792,"Kwag, Hiu Yan",Suspect
32627,"Van, Andrew",Genuine
70739,"Bateman, Machika",Genuine
70045,"Le, Megan",Genuine
80242,"Fifita, Anna",Genuine
70404,"Kazemi, Pritishri",Genuine
16526,"Antonio, Meaghan",Suspect
8641,"Peterman, Tara",Suspect
41863,"Zhang, Katherine",Suspect
74550,"Tran, Nadira",Suspect
12319,"Tanoue, Amy",Genuine
70308,"Tuitele-Britton, Ali",Suspect
72223,"Muruganantham, Lisa",Genuine
19049,"Putra, Thi Mai",Genuine
31179,"Vo, Joseph",Genuine
81490,"Xiong, Lien",Suspect
1827,"Chase, Nicole",Suspect
17953,"Talder, Katherine",Genuine
12190,"Tang, Maia",Suspect
51259,"Lee, Mary Lynn",Suspect
7561,"Flynn, Minhquang",Suspect
2423,"Tong, Kevin",Suspect
98512,"Xayarath, Kekoaikaikaokalani",Suspect
74721,"Hill, Vijay",Genuine
26000,"Jang, Donna",Suspect
74326,"Heilman, Lea",Suspect
37608,"Sun, Marley",Genuine
38911,"Rivera Munoz, Lois",Genuine
40552,"Nguyen, Rachel",Genuine
36411,"Kim, Sarah",Suspect
94549,"Falor, Aaron",Genuine
95887,"Franko, Xin Hong",Genuine
38896,"Nudell, Ann",Suspect
1888,"Verdos, Joshua",Genuine
82905,"Vo, Elly",Suspect
72069,"Lofgren, Alexandra",Genuine
82590,"Fisco Jr, Nancy",Suspect
97249,"Ng, Gina",Genuine
77021,"Grano, Stephanie",Suspect
25140,"Geraldo, Hari",Genuine
61110,"Dang, Andrew",Suspect
80439,"Yang, Nicolas",Genuine
96751,"Owen, Sarah",Genuine
8272,"Zeng, Christianna",Genuine
73902,"Park, Jhana",Suspect
73813,"Zurun, Cindy",Suspect
23967,"Gonzales, Seh Kai",Genuine
93628,"Cheng, Lisa",Suspect
96319,"Duncan, Brittany",Genuine
96241,"Campos-Rocha, Jennifer",Genuine
73456,"Terahara, Christenia",Suspect
68963,"Keen, Emilia",Suspect
35855,"Belzer, Tchuen-Yi",Genuine
4900,"Liu, Samin",Genuine
84571,"Jang, Kiet",Suspect
5510,"Prasad, Morgan",Suspect
93117,"Adolfson, Mary Lynn",Genuine
32349,"Frye, Michael",Suspect
49983,"Lam, Michelle",Suspect
4750,"Hutchinson, Alvin",Suspect
79740,"Brown, Emily",Genuine
97849,"Kim, Peter",Genuine
3063,"Powell, Caitlin",Suspect
54193,"Hoang, Zoua",Suspect
77493,"Kanamu-Hauanio, Emily",Genuine
10764,"Garand, Nongkhan",Suspect
14303,"Khalil, Bryan",Suspect
28349,"Dasig, Hope",Suspect
26806,"Sivixai, Meera",Suspect
30892,"Fischer, Vivek",Genuine
64699,"Kenkeo, Emily",Suspect
99672,"Le, Mei",Genuine
39142,"Ray, Thuyvan",Suspect
1560,"Thach, Cynthia",Genuine
64452,"Buison-Mendaro, Angela",Suspect
84585,"Wang, Julia",Genuine
22538,"Chuong, Alice",Suspect
49605,"Sperry, Julia",Genuine
3703,"Putsche, Kelsey",Genuine
32021,"Rader, Abigail",Genuine
53437,"Ratphonthee, Janet",Suspect
60528,"Cambonga, Voungbryan",Genuine
21385,"Muckom, Rebecca",Suspect
71157,"Le, Maxwell",Genuine
65185,"Guerette, Brisha",Suspect
17071,"Nguyen, Henry",Genuine
55061,"Aashiq, Conan",Genuine
12260,"An, Keaton",Genuine
48742,"Pak, Erika",Suspect
85359,"Nguyen, Sylvia",Genuine
6100,"Reed, Nina Angelica",Suspect
20784,"Bui-Nguyen, Tiffany",Suspect
78140,"Li, Duyen",Suspect
82947,"Dang-Baca, Jiyoon",Suspect
4168,"Mian, Monica",Genuine
31167,"Miyake, Nicole",Genuine
85239,"Yan, Bao Linh Tasha",Suspect
44945,"Lukens, To Nhu Kim",Genuine
18124,"Bagaporo, Elisabeth",Suspect
47643,"Goo, Jessica",Genuine
83903,"Le, Inderpal",Suspect
74115,"Vang, Ian",Suspect
62833,"Kim, Bethany",Genuine
63966,"Rose, Danya",Genuine
94446,"Swanson, Emily",Genuine
52050,"Shen, Emlynn",Suspect
83508,"Culverwell, Harmanpreet",Genuine
75962,"Reynolds, Susan",Suspect
50094,"Folsom, Amber",Suspect
40244,"Hang, Marielle",Suspect
38545,"Bhatt, Muajkoob",Genuine
65302,"Nguyen, Michelle",Genuine
43249,"Ho, Fionajanil",Genuine
12485,"Fisher, Melanie",Genuine
54717,"Aslamy, Orawan",Genuine
49294,"Ranchhod, Jessica",Suspect
52742,"Mitoma, Jessica",Suspect
95827,"Harrington, Jasmine",Suspect
30714,"Lennert, Edward",Genuine
54165,"An, Kathryn",Suspect
87425,"Ono, Eric",Suspect
22403,"Bayar, Breanna-Marie",Suspect
99108,"Youdon, Allan",Suspect
27087,"Cushing, Jaeyeon",Suspect
86610,"Wyeno, Brita",Genuine
51170,"Bishop, James",Genuine
35581,"Trinh, Maren",Suspect
59956,"Thajeb, Phally",Suspect
96577,"Fitzsimmons, Donald",Genuine
24820,"Tugade, Monghuyen",Suspect
28817,"Xiong, Alexis",Suspect
96976,"Burkhardt, Ishika",Suspect
11206,"Ho, Vivian",Genuine
46273,"Choi, Grace",Genuine
28557,"Lee, Melinda",Genuine
85085,"Nguyen, Faleoge",Suspect
18220,"Myers, Jaxziah",Genuine
69052,"Busak, Jordan",Suspect
35927,"Tran, Rebecca",Suspect
29806,"Kim, Christine",Suspect
1469,"Yamamoto, Neari",Genuine
60402,"Yang, Julieanna",Suspect
8794,"Vu, Melissa",Genuine
8758,"Driver, Hannah",Genuine
63555,"Garman, Elaine",Genuine
97855,"Gurung, Kathryn",Suspect
95589,"Mayemura, Malia",Suspect
16149,"Tat, Brandon",Genuine
60261,"Tran, Kineta",Suspect
70815,"Woods, Brandon",Suspect
94972,"Sourivong, Ashley",Genuine
7924,"Nam, Judy",Genuine
49197,"Reynolds, Mahmoud",Suspect
26137,"Raynes, Duyen",Genuine
38805,"Huynh, Makamaehokuliiokalani",Genuine
33362,"Castro, Joseph",Suspect
57341,"Auyeung, Richard",Genuine
66068,"Bolt, Davie",Genuine
85395,"Ly, Peter",Suspect
58367,"Anderson, Emily",Genuine
22506,"Mak, Cathy",Suspect
84689,"Hoffman, Mai Jing",Genuine
97260,"Gul, Casia",Suspect
1781,"Tanicala, Tess",Suspect
79210,"Le, Joshua",Suspect
28435,"Nguyen, Brigid",Suspect
78110,"Ha, Jennifer",Genuine
19149,"Groover, Thuyvan",Genuine
63155,"Sheahan, Joshua",Genuine
3069,"Chen, Jazmyn",Suspect
56826,"Shin, Vismaya",Suspect
36815,"Baig, Parker",Genuine
3761,"Heideman, Naima",Genuine
42897,"Groover, Jena",Genuine
7793,"Muckom, Kiera",Suspect
99318,"Ro, Kinsey",Genuine
37747,"Nguyen, Hyungu",Genuine
8172,"Yamaguchi, Rose",Suspect
39035,"Le, Shelley",Genuine
96492,"Schichtel, Abigail",Suspect
169,"Ngo, Janet",Genuine
40505,"Yim, Stephanie",Suspect
37387,"Pham, Grace",Suspect
85460,"Dou, Daniel",Genuine
55070,"Smith, Nadia",Suspect
14824,"Park, Albert",Genuine
87148,"May, Suvd",Suspect
55044,"Chong, Kyleigh",Suspect
79926,"Langcauon, Nura",Suspect
24004,"Baker, Quyen",Genuine
2401,"Houston, Drew",Suspect
89923,"Ye, Karen",Suspect
33857,"Callejo, Keith",Suspect
36988,"Wilson, Hsi Hsi",Suspect
59065,"Bock, Ashley",Genuine
81593,"Brummet, Jazmyn",Suspect
88631,"Liu, Inderpal",Suspect
80034,"Subramanian, Jasmine",Genuine
77085,"Kim, Corey",Suspect
92070,"Vang, Tam",Genuine
57404,"Kleinjans, Felicia",Suspect
7597,"Brock, Erica",Suspect
65522,"Kang, Tausolia",Suspect
32635,"Tran, Jennifer",Suspect
72003,"Peiffer, Hannah",Genuine
1770,"Hochmuth, Karthik",Suspect
34108,"Yen, Kanya",Genuine
64870,"Chen, K'Lei",Genuine
29150,"Han, Matthew",Suspect
19131,"Abdulhussein, Marylyn",Suspect
73629,"Hoang, Raveena",Suspect
26528,"Nguyen, Dailyn",Suspect
90790,"Humphries, Ruoqi",Suspect
68379,"Daniel, Jin",Genuine
8076,"Tiamfook, Thuc",Suspect
7617,"Ho, Jamie",Suspect
55040,"Figel, Jash Mikyle",Genuine
33228,"Bernatsky, Evans",Genuine
93463,"Cho, Emily Olivia",Suspect
44194,"Elpuz, Grace",Suspect
98699,"Sem, Joshua",Suspect
88970,"Nguyen, Thieng",Suspect
11128,"Drewno, Nicole",Genuine
43773,"Bryan, Sonia",Genuine
48346,"Jeong, Sharon",Suspect
22668,"Dessau, Summer",Suspect
2488,"Chea, Alix",Genuine
43992,"Howes, Eliana",Suspect
75159,"Paschal, Saraswoti",Genuine
76937,"Dhakal, Olivia",Suspect
98352,"Burd, Nicole",Genuine
36563,"Clarin, Hannah",Genuine
9840,"Baker, Anthony",Suspect
10614,"Vishwamitra, Cassandra",Genuine
97032,"Tompkins, Kailynn",Suspect
19686,"Cho, Daphne",Genuine
33088,"Li, Emily",Genuine
19830,"Huynh, Kevin",Genuine
54924,"Amin, Lisa",Genuine
70655,"Bushere, Maihao",Genuine
37805,"Bausch, Amanda",Suspect
81543,"Smith, Heidi",Genuine
13426,"Graham, John",Suspect
74425,"Lutter, Wenli",Genuine
16893,"Lee, Alix",Suspect
71242,"Tyagi, Julia",Genuine
5783,"Lee, Kara",Suspect
8295,"Pohl, Justina",Genuine
41777,"Renehan, Rachel",Suspect
83405,"Lor, Morsal",Genuine
97691,"Yan, Javkhlan",Genuine
63925,"Tran, Stephanie",Genuine
38000,"Tran, Taylor",Genuine
59842,"Munoz, Christian",Genuine
33294,"Qu, Tina",Suspect
71751,"Sy, Alex",Suspect
70020,"Cave, Walter",Suspect
67363,"Siregar, Birva",Genuine
41024,"Truong, Judy",Genuine
83987,"Panyachith, Hanlu",Suspect
86550,"Kang, Mae",Genuine
80956,"Shen, Angela",Suspect
58964,"Doerr, Yin Lin",Genuine
36788,"Nguyen, David Anthony",Genuine
34498,"Le, Anthony",Genuine
33100,"Henderson, Danielle",Suspect
76054,"Directo, Julynn",Genuine
46356,"Xiong, Karen",Suspect
16680,"Kascak, Christine",Suspect
95140,"Young, Darius",Genuine
96811,"Voon, Dulguun",Genuine
69540,"Rice, Tiffany",Suspect
6182,"Li, Veronica",Suspect
83463,"Smith, Prashan",Suspect
45771,"Yang, Samuel",Genuine
10253,"Jain, Matthew",Genuine
73519,"Schwery, Tulga",Genuine
22585,"Ly, Erica",Genuine
58756,"Duch, Nazif",Suspect
51897,"Vu, Karen",Suspect
5817,"Brown, Brittany",Genuine
39340,"Gustafson, Ji",Genuine
63725,"Chan, Mariah",Genuine
10499,"Kalhorn, Victoria",Suspect
19577,"Pingrey, Saleel",Suspect
55969,"Tumur, Nomin",Suspect
81477,"Willcutt, Kaili",Suspect
94818,"Reilly, Shelly",Genuine
34397,"Phommakhoth, Antonia",Genuine
22579,"Nguyen, Benny",Suspect
29611,"Meno, Monica",Suspect
34736,"Cartahena Jr, Grace",Suspect
22549,"Vong, Mckinley",Genuine
67701,"Yang, Kimberly",Genuine
5377,"Black, Alex",Suspect
55385,"Vu, Jane",Genuine
1536,"Than, Natalie",Suspect
28226,"Edwards-Som, Benjamin",Genuine
64877,"Le, Nicolas",Genuine
43914,"Garlan, Alyssia",Suspect
49394,"Peluso, Amiel Joed",Genuine
80907,"Hoang, Esstefan",Suspect
8770,"Neou, Audrey",Genuine
63539,"Perkowski, Natalie",Suspect
72943,"Wilson, Olivia",Genuine
65571,"Hiromitsu, Emily",Suspect
52924,"Haberman, David",Genuine
96623,"Smith, Michelle",Genuine
99800,"Hathaway, Jomelyn",Genuine
139,"Balaji, Nomin",Suspect
40000,"Liang, Ishika",Genuine
80046,"Pearson, Asianna",Genuine
48498,"Kaze, Emma",Genuine
12102,"Perez, Casey",Suspect
34978,"Mungekar, Kai",Genuine
20834,"Burkhardt, Kensy",Suspect
8110,"Oh, Racquel",Genuine
60427,"Margen, Vincent",Suspect
10968,"Vang, Matthew",Genuine
34229,"Park, Nguyet",Suspect
40621,"Kor, Alexa",Suspect
29471,"Hoffmann, Selina",Genuine
96936,"Mansurabadi, Jeana",Genuine
72386,"Nguyen, Katherine",Genuine
52581,"Cabrera, Ae",Genuine
22648,"Shen, Jordan",Suspect
86872,"Cochran, Emily",Genuine
76285,"Dumon, Kyleigh",Suspect
15092,"Shin, An",Suspect
28928,"Tran, Frances",Genuine
95354,"Malkan, Eun-Ji",Suspect
82602,"Liang, Justin",Genuine
45114,"Muppala, Naathan",Genuine
74923,"Loyan, Jing",Suspect
16556,"Vang, Desiree",Genuine
29446,"Yang, Lyn",Genuine
2636,"Philip, Coral",Genuine
38816,"Do, Christopher",Suspect
23513,"Mckeown-Drialo, Dora",Genuine
62022,"Basak, Jesse",Genuine
64512,"Lee, Temuulen",Genuine
23607,"Nguyen, Michael",Suspect
64135,"Rounds, Elizabeth",Suspect
58125,"Nguyen, Emma",Genuine
10467,"Nguyen, Roget",Genuine
15360,"Wilcox, Samuel",Suspect
40954,"Chakravarty, Ailin",Suspect
55576,"Dong, Minhquang",Genuine
1294,"Kennedy, Johnnie",Genuine
37114,"Freeman, Rachael",Suspect
55147,"Lee, Komijen",Genuine
6346,"Ho, Jennifer",Genuine
66423,"Laugan, K-Linda",Suspect
97137,"Jimenez, Isabella",Genuine
12317,"Moselina, Samantha",Suspect
10508,"Safranek, Nitesh",Genuine
72993,"Vue, Christiana",Suspect
74020,"Pham, Anne",Suspect
72739,"Sunoo, Noreen",Suspect
60710,"Xiong, Kimyen",Genuine
29222,"Phou, Billy",Suspect
31341,"Simpson, Chandler",Suspect
8855,"Xiong, Lailanie",Genuine
52490,"Josiah, Selena",Suspect
76699,"Spetsas, Tuong-Vi",Genuine
85921,"Tan, Asli",Suspect
40187,"Park, Crysta",Genuine
5516,"Mullison, Victoria",Genuine
20607,"Love, Lara",Suspect
75750,"Goodfellow, Asianna",Genuine
83129,"Park, Cody",Genuine
93250,"Jung, Dominique",Suspect
63346,"Dang, Sophany",Suspect
28686,"Clifford, Ae",Genuine
32865,"Chinn, Hannah",Genuine
16334,"Tiongco-Price, Cynthia",Suspect
40602,"Kreeger, Isuru",Suspect
89693,"Marks, Andrew",Suspect
91876,"Vo, Daniel",Genuine
9478,"Nekkanti, Amy",Genuine
49597,"Manu, Samantha",Genuine
77741,"Moua, Demi",Suspect
33243,"Vang, Grace",Genuine
97960,"Enkhsaikhan, Jessica",Genuine
68655,"Tram, Aryk",Suspect
35739,"Neer, Angela",Genuine
54756,"Zhu, Zan",Genuine
44961,"Batjargal, Alyson",Genuine
89199,"Chen, Andrew",Suspect
33611,"Lowe, Bhewattie",Genuine
3553,"Nguyen, Lisa",Genuine
88378,"Doan, Paxheenying",Suspect
51767,"Dao, Parnia",Suspect
65192,"Vo, Erin",Genuine
37812,"Malik, Haseeb",Genuine
19142,"Birkhead, Brian",Genuine
26405,"Choi, Samuel",Genuine
16366,"Patel, Ariana",Suspect
47909,"Leung, Maria",Genuine
34526,"He, Brenda",Suspect
34862,"Vargas, Samuel",Genuine
73652,"Mulvany, Eunice",Suspect
99728,"Sides, Mezhgan",Suspect
59721,"Ly, Gabrielle",Genuine
97231,"Ng, Jean",Genuine
2499,"Busch, Elizabeth",Genuine
30985,"Lowe, Imagine",Suspect
27139,"Ward, Stephanie",Suspect
3448,"Castillo, Tierni",Genuine
87792,"Lagasca, Irene",Genuine
49237,"Vu, Ruo",Genuine
41974,"Palumbo, Blake",Genuine
57808,"Hay, Diana",Suspect
44464,"Nguyen, Talon",Genuine
7546,"Vang, Hannah",Genuine
78291,"Lee, Trinh Thi",Suspect
29140,"Johnson, Janice",Genuine
16787,"Stormer Jr, Cindy",Suspect
53829,"Warwick, Ryan",Genuine
67721,"Komatsu, Mi",Suspect
63010,"Oh, Hannah",Suspect
10329,"Jimenez, Shahrazad",Genuine
52948,"Leung, Steven",Suspect
2177,"Khuu, Seo Weon",Genuine
32263,"Vijayasarathy, Avery",Suspect
90741,"Ahn, Eri",Genuine
95276,"Walter, Danielle",Genuine
53653,"Bamba, Aleena",Suspect
46059,"Tran, Morsal",Suspect
86297,"Casalini, Khalissa",Genuine
34739,"Lee, Kristian",Genuine
45790,"Cushing, Ariunchimeg",Suspect
1012,"Phan, Nakita",Suspect
76013,"Lew, Chaochih",Suspect
5560,"Lin, Malysha",Suspect
75650,"Bishara, Gurpreet",Suspect
78099,"Cheung, Molly",Genuine
87655,"Ha, Anna",Suspect
54083,"Horton, Rosalyn",Genuine
55275,"Ahn, Vineet",Suspect
85280,"Pontilo, Quy",Genuine
807,"Yadav, Leslie",Genuine
34092,"Kim, Lidia",Suspect
90307,"Mcbryde, Lynn",Suspect
8983,"Muetz, Tarah",Genuine
81351,"Sun, Taylor",Genuine
86998,"Trambulo, Thuy Vi",Suspect
37110,"Kim, Srida",Genuine
97063,"Hussainy, Parose",Genuine
62305,"Tompkins, Alysse",Suspect
67197,"Farley, Quyen",Genuine
48330,"Tulga, Becky",Suspect
78021,"Loi, Kushal",Suspect
27692,"Huynh, Claire",Genuine
45553,"Wigdahl, Vy",Suspect
82970,"Thanh, Vanessa",Suspect
30233,"Mao, Kaitlin",Suspect
22295,"Mckinney, Kimly",Suspect
34959,"Bateman, Julia",Genuine
72453,"Zeng, Seth",Suspect
3118,"Klimek, Abbie",Suspect
25032,"Holm, Jamie",Genuine
47370,"Wieber, Bayarjargal",Genuine
80942,"Venkateswaran, Kirsten",Suspect
84128,"Shen, Daniel",Suspect
9665,"Olson, Brooke",Genuine
19528,"Gao, Rachel",Suspect
41143,"Nakata, Katherine",Suspect
31859,"Nguyen, Paula",Genuine
27835,"Ho, Vivian",Suspect
73681,"Vu, Jonefen",Suspect
62340,"Kawabata, Sara",Genuine
81851,"Spoor, Kyle",Suspect
20203,"Shaver, Alexandra",Genuine
22386,"Kang, Alison",Suspect
79991,"Bowman, Alexandra",Genuine
60761,"Jones, Justin",Suspect
47754,"Masterson, Hannah",Suspect
32732,"Raab, Jasmine",Genuine
82651,"Prinster, Yeon Soo",Suspect
20086,"Hopkins, An",Suspect
15236,"Cha, David",Suspect
87386,"Preiss, Christopher",Genuine
79095,"Shinkle, Phu",Genuine
99136,"Qadri, Annie",Suspect
37836,"Okubo, Lindsey",Suspect
47154,"Vue, Michelle",Genuine
70161,"Duffy, Keisha",Suspect
87342,"Kurronen, Alexis",Genuine
14897,"Zito, Katrina",Genuine
61865,"Kochis, Mytruc",Genuine
95508,"Hrelja, Ae",Genuine
14553,"Oh, Matthew",Suspect
9759,"Hang, Laurie",Genuine
42313,"Ota, Lisa",Genuine
77267,"Laouar, Esther",Genuine
92555,"Lee, Yuvorn",Suspect
21170,"Kumagai, Lisa",Genuine
23453,"Matthews, Chenchar",Genuine
89496,"Tay, Kathleen",Genuine
99861,"Paglinawan, Leyla",Genuine
4488,"Pham, Nam",Genuine
63526,"Phan, Kenneth",Suspect
26993,"Pham, David",Suspect
5053,"Vang, Frances",Suspect
26830,"Johnson, Sameer",Genuine
16061,"Nguyen, Noreen",Suspect
84868,"Kim, Joseph",Genuine
63829,"Nguyen, Amanda",Suspect
77111,"Sung, Lauren",Genuine
48014,"Shen, Thuvan",Genuine
73126,"Nguyen, Paige",Genuine
43162,"Nguyen, Tina",Genuine
65977,"Agustin, Sylvia",Genuine
2986,"Lor, Amanda",Suspect
77458,"Vang, Jade",Genuine
52978,"Nguyen, Jomar",Suspect
21980,"Greening, Megan",Suspect
66640,"Matau, Chimmoua",Suspect
60375,"Ho, Miranda",Genuine
93859,"Duong, Makayla",Suspect
94168,"Fang, K-Linda",Suspect
40936,"Yoo, Briana",Genuine
52071,"Gayagoy, Michael",Genuine
2349,"Lasalle, Venancio",Genuine
4267,"Cruz, Meghna",Genuine
13531,"Matsumoto, Sydney",Suspect
80099,"Faruque, Esther",Suspect
40856,"Yahashi, Danielle",Genuine
75362,"Tambunan, Kavita",Genuine
96590,"Yamaguchi, Claire",Genuine
14561,"Wong, Aaron",Suspect
79590,"Gehring, Alisa",Genuine
98717,"Bryan, Christine",Genuine
57400,"Dines, Kieu",Suspect
71648,"Gopal, Jeannie",Genuine
49673,"Nguyen, Daniel",Genuine
50215,"Lor, Krishnan",Suspect
93987,"Yang, Reyana",Suspect
89968,"Prechtl, Jillian",Suspect
65342,"Nguyen, Laura",Genuine
66393,"Lee, Roger",Suspect
63543,"Nguyen, Sahel",Genuine
14304,"Nguyen, Katherine",Genuine
96511,"Nguyen, Monica",Genuine
37279,"Varasteh, Sheela",Genuine
67235,"Hoeger, Caitlin",Genuine
17494,"Nuon, Alicia",Suspect
52143,"Park, Hannah",Genuine
54689,"Salmon, Chiao-Chieh",Suspect
8081,"Huynh, Chau",Suspect
3525,"Tanaka, Noah",Genuine
22042,"Phanthavongsa, David",Genuine
67653,"Yatsu, Sean",Genuine
39748,"Bickel, Jaime",Suspect
77707,"Thompson, Cheryl",Genuine
1425,"Fang, Christopher",Suspect
43898,"Salh, Eva",Suspect
85088,"Iese, Alexis",Suspect
17636,"Avila, Morgan",Genuine
74387,"Nguyen, Trang",Genuine
63029,"Matthews, Rachel",Suspect
25647,"Mitoma, Alexa",Genuine
61400,"Yambao, Sourachath",Genuine
59612,"Tran, Melinda",Suspect
34509,"Wong, Donovan",Genuine
9459,"Lee, Adrie",Suspect
72134,"Forrey, Ramya",Suspect
35074,"Tran, Alyssa",Genuine
92100,"Nguyen, Tuyet",Genuine
11121,"Lew, Melina",Genuine
20475,"Kim, Angad",Genuine
13628,"Moua, Lily",Genuine
12850,"Vue, Morsal",Suspect
43463,"Vang, Ina",Suspect
18824,"Bellino, Nhu",Suspect
21972,"Richy, Annie",Genuine
83706,"Kim, Amy",Suspect
24018,"Quintana, Amy",Suspect
35807,"Cote, Ziru",Suspect
90754,"Yuan, Kayla",Suspect
19019,"Vu, Kara",Suspect
62806,"Audi, Andrea Eun",Suspect
58839,"Lee, Patrick",Genuine
21786,"Sanchez, Pang Nouchi",Suspect
84917,"Ali, Nancy",Suspect
90978,"Regur, Dayton",Genuine
50508,"Vo, Amy",Suspect
56296,"Hill, Ashley",Suspect
27633,"Sridhar, Alec",Genuine
34343,"Hochmuth, Se-Hee",Suspect
47244,"Tseng, Yutitham",Genuine
8839,"Doerr, Kianna",Genuine
96934,"Yang, Natalie",Genuine
60712,"Medina, Yanyan",Genuine
9671,"Chen, Hanna",Genuine
5574,"Kell, Harleigh",Suspect
87789,"Lovell, Heather",Genuine
34347,"Hansen, Harshwinder",Genuine
31732,"Yadav, Marc",Suspect
98095,"Vongrith, Hanbin",Genuine
65117,"Castro, Mindie",Suspect
14344,"Lam, Kiara",Suspect
23557,"Molina, Paxheenying",Suspect
37980,"Yang, Rebecca",Suspect
86082,"Salas, Yoona",Genuine
27196,"Pham, Julia",Genuine
97169,"Flores, Johanna",Genuine
35890,"Mayer, Rebecca",Genuine
88039,"Cha, Daniel",Genuine
70870,"Alejo, Annemarie",Suspect
38696,"Browning, Wana",Genuine
64467,"Heller, Chantana",Suspect
92495,"Sihavong, Anjali",Suspect
48230,"Mahat, Samuel",Suspect
94050,"Vongsaraphanh Khamvongsa, Woranee",Genuine
29266,"Kim, Sovanara",Suspect
29777,"Hanamura, Brandon",Genuine
78797,"Kim, Yoonji Jennifer",Suspect
14898,"Lor, Angela",Genuine
5549,"Mcgee, Thanhha",Suspect
82992,"Vijayasarathy, Zachary",Suspect
40751,"Burton, Heejae",Suspect
77824,"Kumar Rao, Emma",Genuine
38767,"Zhen, Shoshana",Suspect
62414,"Char, Olivia",Genuine
24741,"Spencer, Franklin",Genuine
9857,"Dang, Irvin",Genuine
42628,"Sharp, Jelicha",Suspect
65056,"Hansen, Shominic",Genuine
7712,"Chen, Dua",Genuine
15250,"Truong, Jean",Genuine
96130,"Olson, Kylee",Genuine
23389,"Rosenblum, Danya",Suspect
75683,"Muramatsu, Aastha",Genuine
1287,"Tampubolon, Lindsey",Genuine
61286,"Wang, Anne",Genuine
991,"Guerette, Megan",Genuine
52401,"Kishiyama, Suman",Genuine
87828,"Jiang, Jien",Genuine
75355,"Costello, Cheyenne",Suspect
26948,"Anderson, Vijay",Genuine
31494,"Chen, Judy",Genuine
60542,"Le, Jaeyeon",Suspect
5364,"Seo, Jenny",Suspect
20717,"Doung, Lewis",Suspect
85897,"Tomme, Sovanara",Suspect
91628,"Harvey, Thanh Huong",Suspect
38321,"Nguyen, Karishma",Genuine
94473,"Duncan, Steffany",Suspect
8228,"Quintana, Alexis",Genuine
7298,"Lum, Cassandra",Genuine
16655,"Chen, Tiffany",Genuine
15714,"Hardin, Christie",Genuine
72049,"Qasemi, Tiffany",Suspect
79276,"Wood, Li",Suspect
55991,"Io, Michelle",Suspect
27326,"Vo, Xiaoyun",Genuine
78965,"Auyeung, Babalu",Suspect
47880,"Bhattarai, Massouda",Suspect
41390,"Lee, Angela",Suspect
92714,"Khoshnam, Tommy",Genuine
33420,"Logan, Yeni",Suspect
98823,"Wang, Samuel",Suspect
30718,"Kim, Alicyn",Genuine
11197,"Tang, Jocelyn",Suspect
66647,"Rude, Natasha",Suspect
42416,"Lin, Teal",Suspect
76172,"Kazemi, Doan",Suspect
24079,"Gosney, Kathleen",Genuine
95246,"Le, Trinh Thi",Genuine
51896,"Lai, Margaret",Genuine
52031,"Gonzales, Jordyn",Suspect
44246,"Sepulona, Trae",Genuine
37483,"Schlose, Eva",Suspect
50579,"Teerapenun, Joseph",Genuine
49020,"Lumpkin, Brandi",Suspect
40664,"Sharma, Selena",Genuine
36997,"Chang, Ji",Suspect
57489,"Rhodes, Tina",Genuine
75258,"Nguyen, Sandra",Suspect
2122,"Prawl, Tenzin",Suspect
93939,"Yanushonis, Alex",Suspect
20672,"Krumland, Ravinder",Suspect
48494,"Loyola, Tina",Suspect
93353,"Sem, Zachary",Genuine
90810,"Truong, Christina",Suspect
50524,"Yang, Jack",Genuine
52983,"Nguyen, Pyung",Genuine
98455,"Kuge, Deborah",Suspect
75002,"Scott, Trieu",Genuine
81135,"Tran, Joyce Ann",Suspect
39840,"Balaji, Clara",Genuine
73230,"Nguyen, Angelina",Genuine
77023,"Mathews, Adam",Genuine
18494,"Dhakal, Eulysa",Genuine
59470,"Hartley, Tiffany",Genuine
36280,"Lung, Sajesh",Genuine
68887,"Lee, Fiona",Genuine
3951,"Kwag, Sarah",Suspect
96086,"Collins, Spencer",Suspect
6593,"Muchmore, Rani",Suspect
56084,"Kim, Jennifer",Suspect
80689,"Sin, Vi",Suspect
66425,"Huynh, Samiha",Suspect
56271,"Saiganesh, Anh",Suspect
32707,"Lange, Soomin",Genuine
95148,"Oh, Maya",Suspect
41109,"Wang, Jennifer",Genuine
8430,"Panya, Mohra",Suspect
18239,"Olsen, Takuto",Genuine
4051,"Zhen, Shivani",Suspect
49422,"Singh, Briana",Suspect
47948,"Sung, Blia",Suspect
74030,"Gabriel, Ji",Suspect
9680,"Matsushima, Marylyn",Genuine
24086,"Tran, Tracy",Suspect
92628,"Baek, Karen",Genuine
9144,"Ho, Siran",Suspect
49226,"Nobrega, Anthony",Suspect
80385,"Vega, Geya",Suspect
75114,"Khalidov, Audrey",Suspect
56157,"Chang, Cindy",Genuine
20108,"Nguyen, Leah",Genuine
33414,"Kani, Melissa",Genuine
60773,"Zhao, Josephine",Genuine
80086,"Go, Donna",Suspect
15646,"Lor, Perri",Suspect
33623,"Khuu, Kristen",Suspect
69681,"Campos-Rocha, Michelle",Genuine
79529,"Santos Madayag, Savana",Suspect
4824,"Giang, Cassandra",Genuine
58681,"Chandler, Jimmy",Suspect
14135,"Kim, Michael",Genuine
35383,"Khuu, Jyotshal",Genuine
66832,"Chu, William",Genuine
55995,"Ahmed Naji, Stephanie",Genuine
33676,"Dang, Michael",Suspect
70881,"Chaudhry, Shoshana",Suspect
16703,"Somthaboun, Monica",Genuine
80540,"Chu, Claire",Genuine
54098,"Sprangers, Michelle",Suspect
25231,"Lee, Leah",Suspect
75902,"Antonio, Kazoua",Suspect
90638,"Xiong, Alyssa",Suspect
77682,"Alvarez, Savana",Suspect
97511,"Enriquez, Dung",Suspect
49279,"Lee, Mikayla",Genuine
30535,"Im, Marie",Suspect
8804,"Wu, Helen",Suspect
55130,"Tieman, Mindie",Suspect
13137,"San, Peter",Genuine
68124,"Orcilla, Jonathan",Suspect
43644,"Thapa, Shirley",Suspect
39311,"Hoang, Sandra",Genuine
31829,"Poe, Benjamin",Genuine
11605,"Pearse-Luttrell, Shamuel",Suspect
36033,"Graham, Mark",Suspect
32313,"Mai, Chimedlkham",Suspect
35330,"Basnet, Daphine",Genuine
60626,"Owen, Ravin",Suspect
44084,"Bilegsaikhan, Zirui",Genuine
71636,"Hamlin, Trang",Genuine
61679,"Causey, Aisha",Genuine
87517,"Yachay, Morgan",Suspect
27715,"Ly, Utkarsh",Genuine
37200,"Nguyen, Sarah",Genuine
51925,"Lan, Marcus",Genuine
85308,"Gries, Crissela",Suspect
99650,"San Miguel, Micah",Genuine
44454,"Liu, Nalani",Genuine
17661,"Justino, Erika",Suspect
29779,"Roblyer, Mary",Suspect
3771,"Kanapilly, Leigh",Suspect
69399,"Grainda, Claire",Genuine
69189,"Mameda, Steven",Genuine
80054,"Limary, Sylvia",Genuine
27720,"Chung, Aimee",Suspect
35060,"Otgonbayar, Anthony",Suspect
88075,"Qu, Julianna",Genuine
13697,"Le, Mayhan",Suspect
6709,"Hsu, Linh",Genuine
1219,"Nln, Janet",Suspect
26348,"Bartelt, Munguntsetseg",Suspect
88043,"Puentes, Monica",Suspect
6544,"Duba, Kao",Suspect
94942,"Sher, Thomas",Genuine
85122,"Mercado, Molly",Suspect
91301,"Yan, Jade",Genuine
46035,"Kovacs, Michael",Suspect
67003,"Ayuby, Jennifer",Suspect
69803,"Vo, Alexandra",Suspect
36006,"Vang, Elsie",Genuine
4014,"Anderegg, Brendan",Genuine
71876,"Meadows, Truyen",Suspect
90936,"Van, Annie",Suspect
60484,"Falcone, Sengthong",Suspect
93986,"Vue, Alexandria",Genuine
1079,"Runingen, Jedidiah",Suspect
55377,"Choi, Suphaporn",Genuine
60257,"Tran, Carrie",Genuine
62699,"Ranjo, Selman",Suspect
50556,"Mahon, Karen",Suspect
49695,"Abassi, Taylor",Suspect
30407,"Ahluwalia, Lilian",Genuine
81228,"Dare-Nickle, Felicia",Genuine
60214,"Dao, Christopher",Suspect
21776,"Murad, Jaspreet",Suspect
94274,"Wong, Keila",Suspect
29297,"Neitenbach, Ivy",Genuine
14719,"Ranjo, Taber",Suspect
74088,"Quitugua, Cassandra",Genuine
52333,"Reyes, Bree",Suspect
28421,"Bhattarai, Aaron",Genuine
86504,"Johnson, Gi Hun",Genuine
97367,"Zhang, Elise",Suspect
33236,"Godwin, Sara",Suspect
90187,"Chen, Alexandria",Genuine
17223,"Chon, Thanin",Suspect
53390,"Wu, Jillian",Suspect
3526,"Vang, Megan",Genuine
33095,"Dacuag, Jasmine",Genuine
30880,"Kleinjans, Rubyna",Suspect
46804,"Francin, Iman",Suspect
10438,"Gallegos, Judy",Genuine
75374,"Yee, Jaelene",Genuine
83856,"Jones, Matthew",Genuine
45167,"Lua, Jenna",Suspect
94515,"Kida, Heena",Suspect
20171,"Truong, Melisa",Genuine
72936,"Westfall, Megan",Genuine
43681,"Faisol, Eun Sol",Suspect
35767,"Santiago, Andrew",Genuine
83936,"Gaddipati, Erin",Genuine
55050,"Akhtar, Rachel",Suspect
93012,"Amarsaikhan, Nathan",Suspect
97851,"Gallenstein, Dianna",Suspect
79177,"Chen, Pa Nhia",Suspect
58070,"Nagai, Monique",Suspect
13370,"Collings, Yichen",Suspect
80738,"Bui, Reid",Suspect
66652,"Ramirez, Kirsten",Genuine
98968,"Mizokami, James",Genuine
1578,"Denardo, Josie",Suspect
6993,"Lam, Xia",Suspect
5156,"Long, Rachel",Suspect
3089,"Nayak, Henry",Genuine
77598,"Merysca, Natanya",Genuine
62952,"Griffin, Savonh",Suspect
47871,"Ripoll-Bunn, Ka",Genuine
45608,"Guist, Eunice",Suspect
77285,"Lin, Katrina",Suspect
88124,"Tripathi, Khulan",Genuine
24747,"Kuck, Zoe",Suspect
85296,"Pfingsten, Barry",Suspect
78419,"Yang, Uyanga",Suspect
44650,"Truong, Anchal",Genuine
96830,"Lee, Yantao",Genuine
15382,"Kong, Tressa",Suspect
40556,"Chesson, Sarah",Suspect
58124,"Vue, Linda",Suspect
76770,"Cruz, Phi",Genuine
59738,"Glaister, Jiyae",Genuine
2445,"Yang, Savana",Genuine
21349,"Taimanglo, Serena",Suspect
93551,"Giang, Jazmine",Genuine
63321,"Costelo, Sang",Suspect
84423,"Yahashi, Anna",Suspect
14157,"Cheung, Navinah",Genuine
83791,"Khatter, Andrew",Genuine
71833,"Vang, Vivian",Suspect
66541,"Huang, Sathaphone",Genuine
41709,"Chen, Kimiko",Genuine
23528,"Groover, Olivia",Suspect
46808,"Nguyen, Jasmine",Genuine
3858,"Lor, Michelle",Genuine
37523,"Lam, Anna",Suspect
32861,"Cross, Jane",Genuine
8967,"Sakaki, Heather",Suspect
77895,"Clark, Sienna",Suspect
75252,"Van, Nicholas",Suspect
26860,"Muramatsu, Que",Genuine
93624,"Anderson, Charlie",Suspect
89373,"Peluso, Tan",Suspect
58090,"Chu, Juliana",Genuine
91497,"Drozdowski, Rebecca",Suspect
40178,"Kim, Mae",Genuine
98808,"Kimura, Isaiah",Genuine
19082,"Brunson, Justin",Genuine
25320,"Mcghee, Lynn",Suspect
85729,"Doolittle, Noel",Genuine
26938,"Foley, Thien Thanh",Suspect
11303,"Prasad, Diana",Suspect
98034,"Yang, Sathaphone",Suspect
13759,"Omega, Annie",Suspect
50256,"Tran, Katie",Suspect
91418,"Tran, Casey",Genuine
17065,"Savatdy, Bradley",Genuine
97473,"Hoang, Ethan",Genuine
64540,"Simion, Panupoan",Genuine
85277,"Lee, Maya",Suspect
16510,"Schmitz, Cierra",Genuine
30099,"Lee, Min",Suspect
50752,"Pham, Cathy",Suspect
12351,"Tran, Carrie",Genuine
73607,"Goulet, Linh",Suspect
93321,"Pakpahan, Kalia",Suspect
17426,"Feng, Adrienne",Suspect
35616,"Hsu, Corbett",Suspect
64547,"Dauer, My Tien",Genuine
28782,"Hanson, Shalini",Genuine
20103,"Nguyen, Bradley",Suspect
85742,"Oubkeo, Shishan",Genuine
27608,"Pham, Tai",Genuine
81568,"Mafi, Velia",Suspect
15603,"Pingrey, Shakchhi",Suspect
82211,"Kim, Gabriel",Suspect
33532,"Arellano, Meng",Genuine
75544,"Eltagonde, Natalie",Genuine
77015,"April, Monica",Suspect
63214,"Qiang, Jennifer",Genuine
21197,"Tuano, Mallika",Genuine
78413,"Stogdill, Thusuong",Suspect
24694,"Moua, Vivian",Genuine
70568,"Lilly, Brandon",Genuine
98485,"Fox, Albert",Suspect
57022,"Wakasugi, Gabrielle",Genuine
54529,"Kimura, Taylor",Genuine
14044,"Lee, Yennhi",Genuine
97417,"Liu, Thuy Minh",Genuine
11086,"Campbell, Joven",Genuine
48633,"Preap, Elizabeth",Suspect
99211,"Nekkanti, Emily",Genuine
80006,"Galvez, Pao",Suspect
45261,"Sengco, Rebecca",Genuine
15301,"Demario, Tristan",Suspect
23362,"Sheldon, Lauren",Suspect
65933,"Laychaypha, Andy",Genuine
92322,"Chen, Mikayla",Suspect
60694,"Vang, Rick",Genuine
57003,"Preap, Luke",Genuine
35462,"Huynh, Hilalia",Genuine
22672,"Tat, Prisca",Suspect
21364,"Dasig, Mira",Suspect
31156,"Gurung, Iniki",Genuine
53049,"Vong, Nisa",Suspect
81378,"Wigdahl, Daniel",Suspect
52396,"Park, Michelle",Genuine
60255,"Wongveerakul, Katherine",Genuine
50411,"Ho, Cassidy",Suspect
64010,"Can, Sharon",Suspect
35097,"Hutchinson, Nhi",Suspect
14216,"Lee, Mary",Genuine
58564,"Brunson, Johnnie",Suspect
68999,"Kim, Tristian",Suspect
93490,"Pablo, Yavneeka",Suspect
26060,"Thach, Navinah",Genuine
2916,"Clark, Dongyoung",Genuine
17190,"Truong, Brittany",Genuine
7968,"Batra, Jamal",Genuine
63744,"Truong, Katie",Genuine
58972,"Ho, Anna",Suspect
751,"Nagel, Airam",Genuine
28757,"Narantuya, Taryn",Suspect
75472,"Kim, Josefa",Genuine
4819,"Hutchinson, Kawaileolani",Genuine
4332,"Yu, Sharlene",Genuine
53554,"Lee, Eun",Genuine
53747,"Alfandi, Alexandra",Genuine
5898,"Jimenez, Matthew",Suspect
2728,"Hubjer, Phaylinh",Suspect
3017,"Sihavong, Sandra",Genuine
39247,"Kim, Aimee",Suspect
99279,"Duong, Tess",Suspect
77522,"Pham, Jea Goun",Genuine
50551,"Reddy, Priscilla",Genuine
22406,"Cung, Zeavennia",Genuine
83176,"Lam, Vanessa",Genuine
76025,"Woo, Ryang Ah",Genuine
82507,"Riley, Suthdara",Suspect
57486,"Andrew, Lauren",Genuine
27856,"Siminoe, Karen",Genuine
41221,"Kirgis, Ali",Suspect
80968,"Cartwright, Roderick",Genuine
20895,"Xiong, Chau",Genuine
75444,"Henn, Andrew",Suspect
71755,"Kennedy, Aman",Genuine
78016,"Kwon, Anuzaya",Genuine
6512,"Xiong, Thanh",Genuine
22651,"Yin, Benny",Genuine
24699,"Palaka, Andrew",Suspect
34895,"Crowell, Jennifer",Genuine
21835,"Kim, Alicia",Genuine
49703,"Barman, Christine",Genuine
48031,"Corning, Karissa",Genuine
21828,"Vang, Leticya",Suspect
69722,"Kue, Anh",Suspect
68527,"Truong, Mitchell",Suspect
52919,"Chauhan, Runcai",Suspect
35845,"Kim, Anicca",Genuine
20457,"Kim, April",Genuine
57490,"Elpuz, Alana",Suspect
43561,"Kang, Nhu",Suspect
31961,"Nguyen, Yashna",Suspect
95986,"Dozier, Dua",Genuine
30548,"Kosmiski, Marika",Genuine
32256,"Pressley, Saurya",Genuine
45464,"Yan, Brian",Suspect
5540,"Doan, Sarah",Genuine
9435,"Yang, Brandon",Genuine
60485,"Xiong, Valentina",Suspect
90461,"Park, Na Youn",Genuine
32639,"Batjargal, Ana",Genuine
75881,"Joy, Alexandre",Suspect
42766,"Pham, Laquinn",Suspect
18046,"Cleveland, Jasmine",Genuine
37863,"Hutchinson, Madina",Suspect
79243,"Onsager, Pwint",Genuine
37504,"Goto, William",Suspect
63655,"Oh, Iona",Suspect
93895,"Garbarini, Joann",Suspect
58904,"Tran, Joseph",Genuine
48292,"Oh, Grace",Genuine
38604,"Lu, Zolboo",Genuine
60852,"Mundo, Hyeon",Suspect
73108,"Tan, Riana",Genuine
9689,"Takahashi, Rachel",Suspect
4255,"Ghale, Jordan",Suspect
90979,"Kim, Erin",Genuine
97896,"Robbe, Parinaz",Suspect
77010,"Thao, Kenneth",Suspect
72627,"Lee, My-Hao",Genuine
68366,"Yoh, Jin",Suspect
8606,"Masterson, Summer",Genuine
84031,"Caasi, Vidushi",Suspect
33697,"Lee, Jean Osbert",Genuine
38711,"Vang, Aubreylin",Suspect
97392,"Bui, Jason",Genuine
36049,"Vang, Thu",Genuine
86909,"Reweti, Grace",Genuine
1154,"Dorji, Ruo",Suspect
33178,"Nguyen, Cissy",Genuine
77645,"Kairamkonda, Meng",Genuine
44395,"Bartlett, Selena",Suspect
68797,"Avorque, Katrina",Genuine
15805,"Lao, Jeffrey",Suspect
42983,"Rowe, Sarah",Suspect
38520,"Yu, Chang Min",Suspect
17673,"Gores, Simon",Genuine
86071,"Choi, Fayeza",Genuine
78214,"Kattula, Eleana",Suspect
5884,"Lee, Alecia",Suspect
55645,"Kamanawa, Lena",Suspect
81619,"Chai, Hari",Suspect
97836,"Phonthongsy, Pranaya",Suspect
97842,"Kleinkopf, Ivy",Suspect
29616,"Schwarz-Vacca, Robert",Genuine
43912,"Pham, Haseeb",Suspect
61107,"Ubungen Miller, Laura",Suspect
58221,"Trujillo, Alexis",Suspect
26905,"Reddy, Ribbon",Genuine
2261,"Hyun, Sheila",Genuine
99418,"Hoover, Vicente",Suspect
89413,"Lee, Nathan",Suspect
99978,"Vang, Asia",Suspect
88179,"Lo, Savanna",Genuine
53496,"Vandyke, Tiffany",Genuine
43076,"Kim, Airam",Genuine
73520,"Wu, Yuying",Genuine
32069,"Jun, Kimiko",Suspect
65916,"Lakhani, Vivian",Suspect
5796,"Yang, Katrina",Genuine
44942,"Tran, Mishel",Genuine
63853,"L'Dara, Paige",Suspect
55853,"Shrestha, Jacky",Suspect
5909,"Nguyen, Seiyoung",Genuine
68606,"Behr, Rachael",Genuine
69242,"Ariunbold, Juyoung",Suspect
50422,"Kim, Lariza",Suspect
89813,"Yang, Phoebe",Suspect
57904,"Moua, Min",Suspect
40731,"Nguyen, Satya",Genuine
13881,"Lyman, Claire",Genuine
91012,"Mullison, Jacob",Genuine
67818,"Pham, Jacob",Genuine
75485,"Le, Angie",Suspect
64942,"Phanthavongsa, Sheila",Suspect
89967,"Ju, Kai",Genuine
15150,"Keliiholokai, Mallika",Suspect
35710,"Bateman, Brenda",Genuine
90586,"Erisman, Stephanie",Genuine
28949,"Aya, Abhinav",Genuine
14840,"Eun, Danielle",Suspect
23761,"Lee, Cynthia",Genuine
40313,"Lai Zhou, Phillip",Genuine
10525,"Omani, Cindy",Suspect
14948,"Truong, Asa",Genuine
35395,"Lam, Kylia",Suspect
6024,"Falkinburg, Thuc",Genuine
46476,"Han, Kenna",Genuine
80965,"Trujillo, Brittany",Suspect
31249,"Do, Noelle",Suspect
67835,"Pelsmaeker, Zainab",Genuine
59238,"Ma, Jason",Genuine
17631,"Tanoue, Tammy",Suspect
162,"Thapa, Parisa",Genuine
97531,"Poon, Autumn",Suspect
65343,"Kane, Libby",Suspect
15168,"Hoffman, Angela",Genuine
670,"Tolentino, Shominic",Suspect
48947,"Leon-Guerrero, Leyla",Suspect
16954,"Lee, Fendi",Genuine
94256,"Kavanagh, Rebecca",Genuine
34586,"Ngan, Tamara",Suspect
34699,"Futamata, Summer",Genuine
48402,"Chandler, Brian",Genuine
26517,"Nguyen, Khadijah",Suspect
55186,"Tan, Katelyn",Suspect
3270,"Naimi, Maquaja",Suspect
75677,"Suh, Pranav",Suspect
24983,"Nguyen, Moses",Genuine
55855,"Do, Christina",Genuine
99609,"Phanthavongsa, Yuvorn",Genuine
92747,"Upadhyay, Xai",Suspect
80273,"Nghiem, Corey",Genuine
12184,"Nguyen, Niki",Suspect
92357,"Antonio, Shannon",Suspect
72253,"Abdulhussein, Alexandria",Genuine
44965,"Chang, Christina",Genuine
79699,"Soth, Julia",Genuine
77284,"Brooks, Ishika",Genuine
9294,"Kang, Connie",Genuine
30738,"Song, Ann",Suspect
58636,"Shipe, Sarah",Suspect
74572,"Jiang, Schuyler",Suspect
73580,"Lee, Ana",Suspect
70792,"Reck, Adrie",Suspect
14771,"Mejias, Yen Nhi",Suspect
73765,"Yang, Katherine",Suspect
51227,"Bayar, Jared",Genuine
78065,"Banh, Shanhuan",Genuine
16243,"Nguyen, Kristie",Genuine
17049,"Nguyen, Maya",Genuine
63782,"Malillos, Parisa",Suspect
18980,"Sanchir, Bailey",Genuine
80117,"Ahmed Naji, William",Genuine
46025,"Yang, Tran",Genuine
31769,"Manalansan, Rennosuke",Genuine
90368,"Huang, Jordan",Suspect
85162,"Gonzales, Parisa",Genuine
58177,"Varghese, Susana",Genuine
2835,"Tipoti, Sweta",Suspect
62063,"Sengdara, Brendan",Genuine
20355,"Gary, Lilianna",Genuine
10732,"Sayeed, Tina",Suspect
24892,"Muetz, Desiree",Genuine
9690,"Robinson, Grace",Suspect
35910,"Boo, Sahza",Genuine
77902,"Allarakhia, Alyssa",Suspect
77780,"Geraldo, Sydney",Genuine
73942,"Chen, Jiyoon",Genuine
80973,"Phouthavong, Sang",Genuine
52648,"Jones, Angelica",Suspect
53132,"Her, Tracy",Suspect
64533,"Beerman, Saranya",Suspect
87522,"Rosa, Xiaoran",Genuine
97184,"Sarsam, Neely",Suspect
68365,"Simon, Audrey",Genuine
28299,"Nguyen, Ellen",Suspect
14778,"Le, Easley",Suspect
36500,"Nguyen, Phi",Genuine
1305,"Sobolewski, Sarah",Suspect
76027,"Callinicos, Xiao Yun",Suspect
84198,"Schichtel, Anne",Suspect
15815,"Otsuki, Gow Xhoua",Genuine
39276,"Sahai, Daniel",Suspect
21811,"Poon, Jacinda",Genuine
46572,"Thiessen, Vang",Genuine
66464,"Vue, Bich Sa",Suspect
19401,"Nguyen, Steve",Genuine
5412,"Kalam, Kikue",Genuine
63393,"Manibusan, Alexandra",Suspect
31597,"Taase, Lia",Genuine
92059,"Le, Aia",Genuine
14015,"Lynn, Karen",Suspect
40365,"Kingrasaphone, Steven",Suspect
85518,"Kim, Jelicha",Genuine
81389,"Lucero, Jasmine",Suspect
39175,"Kargar, Lisa",Suspect
85071,"Tran, Sonam",Suspect
39834,"Zurun, Michelle",Genuine
33698,"Burathoki, Anna",Genuine
13740,"Xiong, Eric",Genuine
44529,"Vo, Kayla",Genuine
3935,"Liu, Jordan",Suspect
45095,"Arnold, Khaujshoua",Suspect
97768,"Liam, Ariel",Suspect
98558,"Yee, Andrea",Genuine
39809,"Xiong, Lilianna",Genuine
2305,"Li, Eun Sol",Suspect
76438,"Kim, Jehan",Genuine
37539,"Hanson, Annaleigh",Genuine
4251,"Gupta, Vincent",Suspect
2877,"Gonzales, Tessa",Genuine
51571,"Arellano, Lilly",Genuine
94478,"Kallupalle, Vicky",Genuine
7591,"Van, Seiko",Suspect
75495,"Bryant, Tuyet",Suspect
85792,"Doht, Divyanka",Genuine
29903,"Cochrane, Olivia",Suspect
85261,"Tebelau, Tristian",Suspect
16252,"Castro, Hadley",Suspect
22062,"Chung, Jensen",Suspect
44023,"Umu, Christine",Genuine
84226,"Nguyen, David",Suspect
95427,"Lakkaraju, Eeland",Suspect
54722,"Howells, Ziru",Genuine
48520,"Jiang, Leslie",Genuine
43407,"Choi, Lara",Suspect
12283,"Eckman, Tina",Suspect
14360,"Olsen, Alexander",Genuine
45325,"Suu, Kaylee",Genuine
52756,"Gjurekovec, Rachel",Suspect
31124,"Sun, Jullienne Noelle",Suspect
36277,"Matsumoto, Anamichel",Genuine
52268,"Zhang, Richee",Suspect
77581,"Fitzsimmons, Tony",Genuine
18726,"Biano, Miranda",Suspect
30395,"Vincent, Brandon",Suspect
75411,"Hohensee, Sarah",Suspect
99824,"Yoo, Nidesh",Suspect
86846,"Tjandra, Adam",Suspect
22133,"Jalilfar, Sarah",Suspect
41921,"Kim, Rinesty",Genuine
8131,"Lee, Hunter",Genuine
92388,"Yuan, Carly",Genuine
1868,"Duskus, Tias",Genuine
30846,"Liddle, Glenna",Suspect
50791,"Soeur, Lois",Genuine
41804,"Lumba, Ashley",Suspect
65651,"Del Rosario, Lisa",Genuine
60747,"Nguyen, Danika",Genuine
61632,"Liu, Moriah",Suspect
43937,"Mathys, Anna",Genuine
2670,"Cullen, Jessica",Genuine
62489,"O'Hara, Kyleigh",Genuine
80768,"Zhang, Yingying",Suspect
43426,"San Pedro, Young",Suspect
8264,"Tong, Yea",Suspect
86267,"Lee, Tammy",Suspect
59297,"Nguyen, Nicholas",Genuine
68588,"Oh, Frank",Genuine
54261,"Yeon, Sonali",Suspect
48674,"Tong, Mimi",Suspect
83457,"Brett, Clara",Genuine
28972,"Perkins, Pan",Suspect
42545,"Isimang, Katie",Genuine
68873,"Lorenzo, Jason",Genuine
57842,"Hasan, Valerie",Suspect
84220,"Yuan, Kal",Genuine
28539,"Lee, Brandon",Suspect
30252,"Wu, Camille",Genuine
93800,"Roseveare, Loan Mai",Genuine
85546,"Yee, Akane",Genuine
48719,"Mouscher, Asher Erwin",Suspect
67630,"Matsushima, Bethany",Genuine
53797,"Shin, Mikaela",Genuine
43091,"Regur, Vivian",Genuine
79454,"Chang, Caitlin",Suspect
46253,"Oh, Claire",Suspect
72688,"Nguyen, Karen",Suspect
23460,"Yu, Ann",Suspect
59488,"Dasig, Grace",Genuine
35057,"Zhong, Savonh",Genuine
29108,"Howes, Russell",Suspect
25935,"Vang, Sahej",Suspect
92908,"Muncher, Olivia",Genuine
47361,"King, Creeanna",Genuine
87419,"Bhatt, Sarah",Suspect
13744,"Tomme, Zhiwen",Genuine
80249,"Saeid, Nhia",Genuine
53779,"Kim, Victoria",Genuine
9631,"Daniel, Anhminh",Suspect
83360,"Sui, Danny",Genuine
39265,"Chea, Meera",Suspect
79513,"Phonthongsy, Ruo",Suspect
42173,"Kang, Jea Goun",Genuine
42026,"Ton, Benjamin",Suspect
41356,"Moua, Valerie",Suspect
70744,"Sandoval, Savion",Suspect
54670,"Mccurdy, Lara",Suspect
1738,"Smith, Ashley",Suspect
36933,"Lor, Diamond",Genuine
48844,"Nguyen, Ian",Genuine
51333,"Page, Yuri",Suspect
2795,"Pierce, Kimberly",Genuine
6950,"Lappens, Safiullah",Genuine
66635,"Kim, Timothy",Suspect
23896,"Kapule, Kellie",Genuine
68175,"Castro, Phoebe",Genuine
94604,"Patel, David",Genuine
76006,"Hrelja, Ka'Imi",Genuine
96344,"Brunswig, Mina",Suspect
24178,"Shaver, Pascal",Genuine
49663,"Suriwong, Kristy",Suspect
23164,"Garcia, Joseph",Genuine
17702,"May, Andrew",Suspect
8553,"Visorro, Tam Minh",Genuine
99255,"Sheveland, Allison",Suspect
92329,"Saxena, Sarah",Suspect
52820,"Carey, Sara",Genuine
81474,"Ding, Annie",Genuine
50867,"Narayan, Kenta",Genuine
73128,"Ablay, Van",Suspect
13661,"Vanderwoude, Robinson",Suspect
72668,"Liu, Inna",Suspect
48165,"Hoang, Thai",Genuine
91536,"Nguyen, Chet",Genuine
83232,"Kirchner, Jason",Suspect
36835,"Le, Gaochazhong",Suspect
39428,"Chang, Jessica",Suspect
61763,"Bartelt, Caylin",Genuine
12348,"Magsaysay II, Shannan",Suspect
70885,"Sowrirajan, Anna",Suspect
65385,"Nguyen-Duong, Kaili",Genuine
98793,"Zhang, George",Genuine
38849,"Wood, Amanda",Genuine
3290,"Cheng, Arjun",Genuine
51625,"Amin, Xala",Suspect
97128,"Thao, Tylee",Suspect
27126,"Lam, Caleb",Genuine
4459,"Irineo, Salma",Genuine
349,"Loyan, Alan",Suspect
69542,"Kim, Fayeza",Genuine
40055,"Huynh, Alyson",Suspect
67160,"Chui, Katrina",Genuine
15213,"Myung, Jarleeya",Suspect
10434,"Chau, Sean",Genuine
19488,"Owens, Mandy",Suspect
45186,"Callejo, Ellamay",Suspect
49568,"Hoang, Seong",Genuine
59916,"Levinsky Carter, Keiara",Suspect
69766,"Nguyen, Jiyoon",Suspect
6048,"Roche, Kownoon",Suspect
60615,"Chung, Shauna",Genuine
14600,"Myong, Rohan",Genuine
34892,"Singh, Sunny",Suspect
5906,"Hannebaum, Laya",Suspect
74427,"Yang, Brandy",Genuine
20419,"Hagman, Christine",Genuine
39668,"Chu, Joseph",Suspect
91506,"Bagaporo, Brittany",Genuine
47168,"Yang, Yeng",Genuine
43749,"Raynes, Kelsy",Suspect
85247,"Kirkwood, Anuzaya",Suspect
57589,"Amon, Sierra",Suspect
71613,"Shelton, Yoonji Jennifer",Suspect
6982,"Asakawa, Phillip",Genuine
34283,"Le, Tung",Suspect
47550,"Stephens, Lisa",Genuine
92653,"Sharp, Julianne",Suspect
41566,"Pak, Huyen",Suspect
99723,"Peiffer, Bailey",Genuine
45863,"Oh, Nicolas",Genuine
28738,"Ridley, Mikala",Genuine
81305,"Kumar, Kimiko",Genuine
80296,"Morris, Kiana",Suspect
82017,"Nguyen, Aimee",Genuine
54071,"Zong-Liscum, Zesha",Genuine
72725,"Quach, Joi",Suspect
86999,"Bilegsaikhan, Ivy",Genuine
69067,"Mommandi, Katherine",Suspect
91634,"Lee, Ariel",Genuine
43962,"Kim, Andrew",Suspect
85455,"Doan, Olivia",Suspect
35148,"Chen, Justin",Genuine
33999,"Cantrell, Alexis",Suspect
58886,"Forrey, Elsa",Suspect
3202,"Morgan, Richie",Genuine
22540,"Nguyen, Souvany",Genuine
62554,"Belcher, Jin",Suspect
76578,"Buehler, Thuvan",Suspect
55247,"Vue, Khalissa",Genuine
19567,"Vo, Amber",Genuine
38459,"Vuong, Derek",Suspect
80274,"Clark, Amy",Suspect
26966,"Farley, An",Genuine
88040,"Lopez, Shella",Genuine
99006,"Stroup, Lee",Genuine
50441,"Mccoy, Karen",Genuine
12347,"Heath, Christine",Suspect
2824,"Hoang, Iman",Suspect
72842,"King, Kevin",Genuine
8603,"Vargas, Arin",Genuine
40200,"Yang, Shalin",Suspect
31062,"Chu, Woo Tack",Genuine
45416,"Chen, Selma",Suspect
50037,"Kim, Kristen",Suspect
32881,"Her, Hannah",Genuine
70348,"Ton, Noella",Genuine
69116,"Bernabe, Rhema",Genuine
73876,"Park, Jimmy",Suspect
61658,"Nguyen, Rachael",Genuine
61910,"Nguyen, Vishal",Genuine
94886,"Lee, Grace Anne",Genuine
64825,"Pan, Jeffrey",Suspect
83371,"Archer, Sanna",Genuine
79999,"Ledru, Joslynn",Suspect
10500,"Gayagoy, Erin",Genuine
61930,"Se, Trinh Thi",Genuine
15966,"Lee, Nicole",Suspect
2998,"Tong, Jessica",Suspect
9263,"Clark, Sabbrina",Suspect
38947,"Santos, Jesika",Suspect
11085,"Sun, Juliet",Suspect
83195,"Clark, Josephine",Genuine
13238,"Smith, Angela",Genuine
55084,"Kuch, Coral",Genuine
31655,"Van, Andrea",Suspect
26815,"Vongphackdy, Annabel",Genuine
21544,"Wu, Malika",Genuine
32867,"Jacildo, Inna",Genuine
94152,"Kim, Pauline",Genuine
5851,"Lor, Shannan",Suspect
11471,"Moon, Savian",Suspect
66970,"Amphonephong, Ryan",Suspect
52506,"Jordan, Cory",Suspect
88097,"Ruppert, Jazzmin",Suspect
68601,"Heilman, Robyn",Genuine
33455,"Lee, Grace",Genuine
22915,"Fogg, Nhi",Genuine
63434,"Colbert, Sherry",Suspect
81550,"Cruz, Susie",Suspect
82086,"Vang, Chi",Genuine
62357,"Herold, Erin",Suspect
15066,"Warner, Makinzie",Suspect
11055,"Vongrith, Insaf",Genuine
74690,"Liam, Alice",Suspect
99559,"Peck, Chaelene",Suspect
75124,"Wu, Ferougg",Genuine
51898,"Scarantino, Philip",Genuine
43949,"Nguyen, Molly",Suspect
93111,"Morgan, Kimberly",Genuine
52282,"Choi, Eun",Suspect
42275,"Reddy, Mariel",Suspect
32323,"Brummet, Tommy",Suspect
44834,"Rith, Linh",Genuine
23881,"Vongvichith, Morgan",Suspect
62077,"Kim, Jade",Genuine
31563,"Lam, Evan",Suspect
35753,"Vea, Frances",Suspect
7752,"De Guzman, Kimberly",Suspect
98800,"Konishi, Erica",Suspect
5347,"Bruski, Juliana",Genuine
20565,"Brown, Grace",Suspect
94021,"Kim, Laura",Suspect
78804,"Tran, Michael",Suspect
53516,"Bagaporo, Dimas",Suspect
67448,"Qiu, Marcus",Genuine
19911,"Wellington, Kadi",Genuine
77473,"Lo, Yuna",Genuine
55402,"Aghanoury, Zheyuan",Genuine
45793,"Pham, Elizabeth",Genuine
75183,"Vo, Johnathon",Suspect
75142,"Isobe, Michell",Genuine
55176,"Schultz, Hoang",Suspect
62236,"Kovacs, Esther",Suspect
67811,"Lee, Brandon",Suspect
82616,"Mitta, Gabrielle",Suspect
98797,"Prak, Leeanne",Suspect
73016,"Tran, Kai Li",Suspect
91100,"Tan, Amiel Joed",Genuine
87834,"Yeturi, Eliza",Genuine
36008,"Lee, Min",Suspect
70176,"Xiong, Adrie",Suspect
70617,"Mortel, Jacky",Genuine
72898,"Castro Manibusan, Brittany",Genuine
1751,"Phontavee, Aisha",Genuine
30327,"Mejia, Munguntsetseg",Genuine
16436,"Nguyen, Kimberly",Suspect
67454,"Parado Irby, Samantha",Genuine
82319,"Denicola, Jason",Genuine
38491,"Lau, Alexandra",Genuine
31729,"Nguyen, Rani",Genuine
61275,"Quilon, Phoua",Genuine
91001,"Hoang, Thi",Suspect
96020,"Egan, Aya",Genuine
29568,"Sublette, Emily",Suspect
49662,"Zhou, Levi",Suspect
54531,"Yee, Neil",Genuine
58854,"Prasad, Thaison",Suspect
40404,"Xiao, Lien",Genuine
16478,"Zhang, Charles",Genuine
49522,"So, Zala",Genuine
96861,"Varasteh, Emiko",Suspect
31573,"Stuckey, Azelia",Suspect
46010,"Kim, Jennifer",Genuine
59066,"West, Rebekah",Genuine
17331,"Cleveland, Ashley",Genuine
49001,"Kwon, Rachel",Suspect
60067,"Mcclellan, Aina",Genuine
16504,"Her, Sierra",Suspect
97624,"Keodara, Andrew",Suspect
69606,"Jenks, Leroy",Genuine
59368,"Tien, Semalie",Suspect
68895,"Wieber, Keiara",Genuine
11287,"Jargon, Danielle",Genuine
71413,"Koehn, Nuchi",Suspect
77262,"Li, Saje",Suspect
26304,"Leung, Tammy",Genuine
84019,"Do, Miranda",Genuine
29087,"Yoo, Malysha",Genuine
37100,"Zheng, Reynu",Suspect
56058,"Dagdagan, Alexander",Genuine
19092,"Lee, Lailanie",Suspect
21953,"Lor, Eanice",Genuine
88636,"Goto, Caitlin",Genuine
11499,"Moon, Jenny",Genuine
4184,"Teawdatwan, Christine",Suspect
73550,"Contino, Amie",Genuine
22158,"Ng, Chau",Suspect
52076,"Burathoki, Lauren",Suspect
66785,"Choi, Rachel",Genuine
15493,"Macy, Jared",Suspect
13705,"Lee, Vivian",Genuine
98509,"Ripoll-Bunn, Michael",Suspect
17400,"Avilova, Dennis",Genuine
59511,"Lung, Kylee",Suspect
91939,"Bunge, Victoria",Genuine
8768,"Fazli, Selina",Genuine
40191,"Donnellan, Alexandra",Suspect
28955,"Auyeung, Grace",Genuine
86816,"Chau, Orawan",Genuine
72970,"Hampton, Brooke",Genuine
57034,"Kingman, Vivian",Genuine
74157,"Lim, Kimberly",Suspect
53331,"Worthington, Pitch",Genuine
100,"Bensreiti, David",Suspect
16675,"Otsuki, Cuong",Suspect
54974,"Prasad, Munguntsetseg",Suspect
52019,"Delaney, Sourachath",Genuine
12401,"Pham, Shana",Genuine
23572,"Senphannarat, Mai",Suspect
35035,"Mai, Lucy",Suspect
81506,"Callbeck, Veronica",Genuine
23586,"Tran, Brianna",Genuine
83263,"Yeturu, Xee",Suspect
30294,"Wiebe, Isabella",Suspect
16148,"Araki, David",Suspect
32218,"Hamm, Jeni",Suspect
61013,"Oh, Paetiance",Suspect
67439,"Choe, Jasmine",Suspect
10314,"Bhagria, Leah",Genuine
9395,"Nguyen, Makaila",Genuine
78274,"Nelson, Hien",Genuine
41369,"Gurung, Vijay",Suspect
58980,"Nguyen, Alexandra",Genuine
26896,"Foster, Jaylyn",Genuine
56441,"Nguyen, Nicole",Suspect
76676,"Than, Angela",Suspect
67443,"Bachu, Joshua",Suspect
83345,"Jung, Alyssa",Genuine
68644,"Hildreth, Nicholas",Genuine
84100,"Reeves, Tiffany",Suspect
54522,"Naputi Fonseca, Nina",Genuine
65873,"Georgoulias, Tommy",Suspect
77839,"Cha, Dikchhya",Genuine
53983,"Nguyen, Parnia",Genuine
55520,"Cheng, Young Joo",Suspect
17195,"Roda, Ashley",Suspect
61764,"Darbin, Daisy",Genuine
46463,"Louanglath, Ruo",Suspect
18744,"Lor, Eleana",Genuine
75148,"Sterett, Se Ra",Genuine
63878,"Takahashi, Hannah",Suspect
90506,"Sivisay, Tammy",Genuine
9771,"Yang, Jeannie",Suspect
51009,"Chen, Kasia",Genuine
4183,"Vue, Kainalu",Genuine
95070,"Ablay, Tina",Suspect
36129,"Shahid, Kylie",Suspect
46449,"Kim, Suyin",Genuine
4067,"Eun, Mei",Genuine
79456,"Tran, Emily",Suspect
40297,"Downey, Jennifer",Genuine
5842,"Senters, Yea Eun",Suspect
84978,"Nawaz, Christine",Suspect
7110,"Kim, Dan",Suspect
32494,"Le, Tony",Genuine
43800,"Carter, Alice",Genuine
48236,"Lofgren, Johnny",Suspect
43826,"Chan, Rusty",Suspect
59614,"Bryant, Nathan",Suspect
80259,"Chen, Jade",Suspect
62785,"Risma, Aaron",Genuine
69743,"Lee, Megan",Genuine
81103,"Padovich, Kainoa",Genuine
57498,"Roodani, Tyler",Genuine
97800,"Her, Stephanie",Suspect
56839,"Stephens, Emily",Suspect
10878,"Yang, Olivia",Genuine
21262,"Hargis, Casey",Genuine
87302,"Kishiyama, Allison",Suspect
94056,"Cheng, Lauren",Genuine
53764,"Tran, Krystal",Genuine
56344,"Yip, Jennifer",Suspect
38362,"Goo, Lauren",Genuine
16337,"Kim, Channarith",Genuine
49258,"Goyal, Gabriel",Suspect
11878,"Vo, Nathaniel",Suspect
21340,"Tan, Joshua",Suspect
82207,"Xayarath, Arriane Julia",Genuine
73886,"Guha, Jammisa",Genuine
11573,"Feng, Keon Hee",Genuine
27314,"Park, Safiya",Genuine
30389,"Mcelwreath, Joshua",Suspect
48757,"Moses, Miranda",Genuine
91412,"Neff, David",Genuine
84216,"Alsvary-Roman, Monet",Suspect
66629,"Iritani, Lee",Suspect
73705,"Turner, Johnny",Suspect
27357,"Reddy, Sylviana",Genuine
66119,"Tran, Pachoua",Genuine
37060,"Wang, Ryan",Genuine
67544,"Jackson, Sean",Genuine
22266,"Deguzman, Joshua",Genuine
29138,"Le, Jafer",Genuine
47374,"Yu, Chau",Suspect
85184,"Topkar, Bich Sa",Genuine
16150,"Richter, Trang",Suspect
89908,"Rupley, Linh Thi",Suspect
66809,"Zhang, Monica",Suspect
11913,"Ho, Chanthakath",Genuine
88596,"French, Man Jing",Suspect
53526,"Ma, Karen",Suspect
1655,"Chham, Rio",Genuine
57071,"Patel, Brandi",Suspect
27375,"Nguyen, Rachel",Suspect
8378,"Myung, Jeremiah",Suspect
28851,"Stogsdill IV, Kitana",Suspect
23948,"Nguyen, Christopher",Genuine
4670,"King, Young Joo",Suspect
32796,"Rikke, Thai",Suspect
67754,"Isobe, Isabel",Genuine
42227,"Cook, Reiyker",Suspect
88958,"Smith, Hannah",Suspect
64728,"Bueno, K Lah Rose",Suspect
3034,"Tsumura, Claire",Suspect
5770,"Nguyen, Daniel",Suspect
73019,"King, Maradi",Suspect
43759,"Gopal, Joleen",Genuine
15917,"Utu, Amy",Suspect
1783,"Orihuela, Sarah",Genuine
33949,"Tripathi, Yves Ameen",Genuine
42501,"Ton, Leng Mi",Genuine
62353,"Nguyen, Xia",Suspect
75529,"Pablo, Aaron",Genuine
35771,"Morrison, Anne",Suspect
84472,"Ornes, Robyn",Genuine
6782,"Nguyen, Chhun",Genuine
2637,"Lopez-Itomura, Molly",Suspect
50894,"Nhi Do Eng, Deborah",Suspect
6628,"Farley, Tiffanie",Suspect
79195,"Richter, Thomas",Suspect
38786,"Luu, Jimmy",Genuine
23537,"Mueller, Mary",Genuine
55329,"Han, Puspa",Genuine
46478,"Simion, Nathan",Suspect
46725,"Le, Gabrielle",Genuine
96351,"Sivixai, Youjia",Genuine
15290,"Mouscher, Aspen",Genuine
81587,"Bidstrup, Emma",Genuine
58005,"Truong, Rebecca",Genuine
29072,"Singh, Jijo",Suspect
56005,"Ganbaatar, Jessica",Suspect
61731,"Walter, Nur",Genuine
77982,"Khuu, Alexander",Suspect
74208,"Pak, Alison",Genuine
69184,"Kirchner, Huyen",Genuine
55350,"Huynh, Bradley",Suspect
93332,"Newberry, Olivia",Suspect
44597,"Du, Danny",Suspect
55625,"Bui, Vinh",Suspect
20551,"Balasubramanian, Jamie",Genuine
35763,"Nguyen, Zainab",Suspect
85821,"Stilwell, Yihang",Suspect
79123,"Ellett, Emily",Genuine
18145,"Magno, Charanaka",Suspect
31690,"Kailasam, Serene",Suspect
38477,"Mallikarjun, Marina",Genuine
3261,"Tan, Alisa",Suspect
97589,"Tran, Moses",Genuine
44075,"Bean, Keila",Genuine
30999,"Kennedy, Crystal",Genuine
49139,"Koh, Andrew",Genuine
67033,"Kahn, Leeann",Genuine
27074,"Silfvenius, Stephanie",Genuine
29880,"Asher, Pichest",Suspect
71078,"Yeo, Rohit",Genuine
87065,"Mailhiot, Tiffany",Genuine
53868,"Lam, Emmanuel",Suspect
45094,"Than, Nathan",Genuine
6734,"Nguyen, Alysan",Suspect
98186,"Prawl, David",Genuine
79537,"Huynh, Shayla",Genuine
93925,"Yao, Jamie",Suspect
90076,"Dang, Natanya",Suspect
33245,"Newton, Melenaite",Genuine
28965,"Kumar, Ngoclan",Suspect
41391,"Padovich, Foster",Genuine
63653,"Tran, Aya",Genuine
31215,"Khatiyavong, Jonathan",Suspect
47505,"Sobolewski, Eunice",Suspect
94346,"Manalansan, Eric",Genuine
80989,"Yim, Laveen",Genuine
40497,"Schumacher, Brianna",Suspect
46415,"Tran, Julieanna",Genuine
92021,"Yang, Steven",Genuine
82210,"Leung, Emily",Genuine
52845,"Yang, Hinna",Genuine
22841,"Loza, Melissa",Suspect
64656,"Ji, Michelle",Suspect
57483,"Manurung, Vahine",Genuine
56237,"Nguyen, Quan Yu Jade",Genuine
55923,"Suu, Akil",Genuine
7799,"Nguyen, Edna",Genuine
54031,"Goodfellow, Sweta",Genuine
62287,"Tieu, Margaret",Genuine
48690,"Nguyen, Joey",Genuine
48603,"Falor, Laiba",Suspect
73673,"Singh, Justin",Suspect
39447,"Lee, Rachel",Genuine
9554,"Lam, Erin",Suspect
17274,"Blakey, Chris",Suspect
1799,"Jeon, Minaldeep",Genuine
50414,"Raol, Carolyn",Genuine
92206,"Bates, Que",Genuine
86121,"Nguyen, Pranaya",Suspect
27242,"Rae, Mezhgan",Suspect
5951,"Chau, Selene",Suspect
59713,"Lam, Tammy",Suspect
30592,"Aqeel, Tai",Genuine
13576,"Tang, Vasundhara",Genuine
65681,"Patch, Jennifer",Suspect
31913,"Kashino, Jessica",Genuine
44971,"Kersey, Cindy",Genuine
27844,"Chaivong, Elizabeth",Suspect
33043,"Parekh, Kha",Suspect
84478,"Herold, Brian",Suspect
17828,"Lee, Michaela",Genuine
44388,"Yamasaki, Elizabeth",Suspect
73120,"Than, Stephan",Suspect
48505,"Quach, Lia",Genuine
68976,"Phu, Lena",Genuine
19341,"Leach, Naomi",Genuine
85498,"Manglona, Robert",Suspect
37331,"Ravichandran, Myles",Suspect
79636,"Moon, Elizabeth",Genuine
31269,"Li, Christian",Genuine
99725,"Altangerel, Mia",Suspect
53788,"La, Tou",Suspect
61105,"Nguyen, Lasamoa",Genuine
72544,"Nguyen, Amelia",Suspect
38721,"Hong, Boan",Suspect
92085,"Jensen, Angela",Genuine
40678,"Pagaduan, Caitlin",Genuine
55223,"Denzel, Jessie",Genuine
72360,"Miller, Vannida",Genuine
42031,"Lim, Victoria",Suspect
4716,"Nguyen, Dennis",Genuine
24931,"Yu, Kanya",Suspect
44711,"Patil, Llewelgene",Suspect
83128,"Ragoschke, Paepae",Genuine
91820,"Morikawa, Amy",Genuine
97777,"Tebelau, Lillian",Genuine
42078,"Navalta, Katrina",Suspect
55581,"Ashtakala, Mujda",Suspect
92668,"Oda, Anna",Genuine
75165,"Laoprasert, Rachel",Genuine
15995,"Zheng, Rachel",Genuine
73363,"Preston, Michelle",Genuine
62087,"Valdez, Susana",Suspect
47485,"Rae, Creeanna",Genuine
29198,"Fischer, Peter",Suspect
82821,"Choudhry, Kimphone",Suspect
82932,"Huang, Kelsey",Genuine
15904,"Heideman, John",Genuine
7937,"Nguyen, Nedim",Suspect
53934,"Lee, Christina",Genuine
94619,"Pielsticker, Keiko",Genuine
55836,"Liu, Pao",Suspect
35308,"Cha, Taydra",Genuine
89275,"Stevenson, Julian",Suspect
91477,"Kimoto, Marissa",Genuine
57012,"Mcneely, Shivani",Genuine
65153,"Glover, Lynn",Genuine
14599,"Lee, Joey",Genuine
74289,"Gultom, Eunice",Suspect
71573,"Cotie, Emma",Suspect
28870,"Su, Deborah",Suspect
9132,"Tran, Kevin",Genuine
93486,"O Reilly, Jobel",Suspect
15146,"Gries, Chris",Suspect
21236,"Louanglath, Colleen",Suspect
38879,"Suzuki, Julia",Suspect
16194,"Singh, Carly",Suspect
25201,"Stowell, Demi",Genuine
5231,"Fukui, Alexandre",Genuine
83252,"Hyun, Mezhgan",Genuine
58662,"Koster, Isabella",Genuine
97729,"Rikke, Aarti",Suspect
37989,"Khanna, Tuan",Suspect
52907,"Kloberdanz, Mohra",Genuine
44918,"Mcneely, Julietta",Genuine
14737,"Gefroh, Tanandorn",Genuine
28781,"Lee, Pan",Suspect
19084,"Dai, Catherine",Suspect
47763,"Lee, Joy",Suspect
68316,"Nguyen, Alyssa",Suspect
4278,"Park, Ariunchimeg",Genuine
47395,"Song, Carly",Suspect
86315,"Bamba, Christopher",Suspect
11336,"Mccoy, Chaerin",Suspect
83736,"Khan, Whitney",Suspect
63407,"Ro, Christina",Genuine
79552,"Ridley, Vanessa",Genuine
26724,"Onexayvieng, Jocelyn",Suspect
34452,"Boldbaatar, Jaspreet",Suspect
68824,"Nguyen, Alexander",Suspect
48007,"Lange, France",Genuine
58283,"Lee, Makaila",Genuine
79251,"Lai, Xiaoyun",Suspect
69719,"Salucci, Eunice",Suspect
61528,"Baker, Jenny",Genuine
78242,"Trujillo, Ha Eun",Suspect
56467,"Carpinelli, Christine",Suspect
31673,"Nguyen, Samantha",Genuine
65786,"Tran, Danvy",Suspect
9051,"Vu, Saman",Genuine
20310,"Susarla, William",Suspect
92807,"Garcia, Kianna",Genuine
44583,"Choi, Boyu",Suspect
2956,"Amon, Tina",Genuine
70313,"Ly, Priyanka",Suspect
75334,"Nguyen, Vani",Genuine
10192,"Lo, Nathan",Suspect
62032,"Lawson, Maya",Suspect
80807,"Manley, Danvy",Genuine
49128,"Latham, Brianna",Suspect
18662,"April, Chasity",Genuine
39701,"Belden, Suong-Kathy",Suspect
66784,"Thakur, Makamaehokuliiokalani",Suspect
82448,"Zhang, Rachel",Suspect
30060,"Lee, Jea Goun",Genuine
49651,"Thao, Monica",Genuine
13649,"Ali, Moriah",Suspect
37449,"Ith, Fatima",Suspect
65879,"Tran, Shabnam",Genuine
92319,"Vijayasarathy, Megan",Genuine
85034,"Hamdan, Caitlin",Genuine
1982,"Eang, Brandon",Suspect
82108,"Ahn, Jordan",Genuine
68618,"John, Nicole",Genuine
19552,"Ali, Brandon",Genuine
20482,"Kim, Mallika",Genuine
18608,"Wang, Lucy",Suspect
54084,"Her, Joshua",Genuine
80652,"Tran, Emma",Suspect
1976,"Park, Jenny",Genuine
31365,"Phagura, Sydney",Suspect
78206,"Vue, Joseph",Suspect
90034,"Villano, Kimberly",Genuine
58995,"Suto, Khoi",Genuine
70255,"Nguyen, Yee",Suspect
43850,"Pohl, Sierra",Genuine
9947,"Bishop, Jade",Genuine
18229,"Dong, Thien-Kim",Suspect
95223,"Nguyen, Kathryn",Genuine
85173,"Moktader, Megan Janet",Genuine
226,"Ortega, Xiaoye",Suspect
99982,"Miley, Lien",Genuine
96913,"Chuong, Katherine",Genuine
98945,"Groleau, Tianna",Genuine
31947,"Kim, Sharah",Genuine
14346,"Nguyen, Kayla",Suspect
70271,"Weaver, Enrico",Genuine
22142,"Methuselah, Bailey",Genuine
13042,"Morris, Alisha",Genuine
56479,"Lopez, Socheata",Genuine
65590,"Chase, Jimmy",Genuine
81352,"Sahai, Yo Han",Genuine
73481,"Mikesell, Quyen",Genuine
82034,"Meissner, Agnes",Suspect
44677,"Kim, Laura",Genuine
55926,"Paranthaman, Corrina",Genuine
51177,"Limary, Stephen",Suspect
89780,"Weiss, Kara",Suspect
23563,"Chuong, Kathleen",Genuine
19855,"Cheung, Yeni",Genuine
49276,"Rawlings, Aisha",Genuine
44525,"Naputi-Cabrera, Claire",Genuine
80447,"Panyavong, Kalie",Suspect
51224,"Kim, Kevin",Suspect
90198,"Breed, Nicole",Suspect
63566,"Lee, Hela",Genuine
88934,"Teves, Adrie",Suspect
11797,"Keys, Elijah",Genuine
96611,"Thomas, Samantha",Suspect
34964,"Qiu, Bryan",Genuine
57561,"Klein, Calvin Jed",Genuine
68063,"Douglas, Jennifer",Genuine
68550,"Rogers, Emily",Genuine
36875,"Chau, Alaina",Genuine
4829,"Ewton, Heroki",Suspect
87333,"Douglas, Savion",Suspect
39801,"Samate, Lindsey",Suspect
69685,"Asakawa, Chul",Suspect
65069,"Wang, Kristen",Suspect
54782,"Modisette, John",Suspect
45028,"Nguyen-Huynh, Judy",Suspect
9521,"Kavanagh, Jacqueline",Genuine
65903,"Ewton, Cara",Suspect
92248,"Lee, Kimberly",Suspect
63246,"Maruyama, Corey",Suspect
9838,"Lor, Kirsten",Genuine
89293,"Meyers, See",Suspect
99412,"Ota, Elaine",Suspect
30643,"Simon, Sam",Suspect
89642,"Esselman, Vanika",Suspect
46643,"Burroughs-Chock, Meaghan",Suspect
65899,"To, Kiri",Suspect
61527,"Chong, Summer",Genuine
7158,"Salindeho, Brianna",Genuine
73080,"Din, Joanne",Genuine
37881,"Dozier, Lara",Suspect
18656,"Turner, Jennifer",Suspect
44440,"Kiyota, Jean",Genuine
99409,"Collins, Tina",Genuine
69017,"Morrison, Yen Nhi",Genuine
91044,"Park, Rachel",Suspect
92950,"Kim, Lynn",Suspect
53984,"Naranchuluun, Cassidy",Suspect
84932,"Gardner, Nancy",Genuine
36532,"Fung-A-Fat, Kathleen",Genuine
59658,"Patel, Enguun",Genuine
56645,"Alfandi, David",Suspect
23672,"Nguyen, Tony",Suspect
15453,"Park, Michell",Suspect
33821,"Nguyen, Tara",Genuine
57933,"Pan, Joshua",Suspect
79685,"Huang, Chelsea",Suspect
57718,"Liam, Grace",Suspect
71208,"Orihuela, Elly",Genuine
88564,"Le, Lindsay",Suspect
11507,"Fessler, Pyung",Suspect
22942,"Myagmarsuren, Kaylin",Suspect
72271,"Huynh, Miranda",Suspect
73005,"Talain, Samantha",Genuine
21421,"Egan, Jade",Suspect
17448,"Yang, Shannon",Suspect
